#{"t_start": 1771280712.541704, "env_id": "commonroad-v1-safe"}
r,l,t,is_collision,is_time_out,is_off_road,is_friction_violation,is_goal_reached
478.90969,1,117.592133,0,0,1,0,0
30.622464,10,149.64193,0,0,1,0,0
297.210058,18,157.875249,0,0,1,0,0
1045.948916,39,207.532382,0,0,1,0,0
28.859287,1,237.897818,1,0,0,0,0
187.818342,15,249.730215,0,0,1,0,0
27.047693,13,252.428293,0,0,1,0,0
819.490308,35,261.479814,0,0,1,0,0
651.747425,29,267.529481,1,0,0,0,0
512.402515,24,278.469274,1,0,0,0,0
591.230172,31,284.871861,1,0,0,0,0
1171.856372,54,299.735601,0,0,1,0,0
28.931002,1,300.239782,0,0,0,0,1
1754.874186,71,334.891577,0,0,1,0,0
28.920203,1,336.837799,0,0,0,0,1
1108.839447,43,360.221368,1,0,0,0,0
28.826743,1,365.139391,0,0,0,0,1
141.752841,14,369.348894,0,0,1,0,0
28.968284,1,370.438473,0,0,0,0,1
28.826743,1,371.361001,0,0,0,0,1
28.859287,1,372.173084,1,0,0,0,0
39.39588,10,374.244199,0,0,1,0,0
1271.250671,53,399.87117,0,0,1,0,0
807.779415,43,407.656888,1,0,0,0,0
37.99729,1,408.273568,0,0,0,0,1
-124.150853,3,416.953841,0,0,1,0,0
-146.635362,6,421.548159,0,0,1,0,0
291.760117,14,443.997278,0,0,1,0,0
478.881733,1,444.768761,0,0,1,0,0
858.724504,40,465.437746,0,0,1,0,0
34.638337,2,467.456888,0,0,1,0,0
56.486676,11,472.174005,0,0,1,0,0
151.430435,11,475.054735,0,0,1,0,0
875.547634,37,483.309386,0,0,1,0,0
471.129458,1,484.06455,0,0,1,0,0
1053.694178,49,524.542874,0,0,1,0,0
37.93954,1,525.612839,0,0,0,0,1
25.988192,1,526.354792,0,0,1,0,0
28.99729,1,526.99456,0,0,0,0,1
28.800053,1,527.525996,0,0,0,0,1
28.920203,1,528.038588,0,0,0,0,1
602.846514,13,531.351128,0,0,0,0,1
-129.312562,4,535.378065,0,0,1,0,0
17.261467,1,536.278825,0,0,1,0,0
776.976618,35,563.120557,0,0,1,0,0
64.164777,13,565.917749,0,0,1,0,0
843.959016,39,596.42825,0,0,1,0,0
28.931002,1,596.940822,0,0,0,0,1
417.174043,22,601.091175,1,0,0,0,0
28.800053,1,601.41803,0,0,0,0,1
478.888918,1,602.04789,0,0,1,0,0
28.863408,1,602.679865,0,0,0,0,1
-126.508881,3,605.745845,0,0,1,0,0
-153.509128,3,611.112189,0,0,1,0,0
37.778864,1,611.662611,0,0,0,0,1
28.82862,1,612.237467,0,0,0,0,1
28.859287,1,613.081762,1,0,0,0,0
644.504165,31,618.633159,0,0,1,0,0
28.991637,1,619.311264,0,0,0,0,1
684.380714,31,625.229313,0,0,1,0,0
-124.087411,3,628.931489,0,0,1,0,0
28.931002,1,629.254986,0,0,0,0,1
420.412672,20,634.013003,0,0,1,0,0
28.859286,1,634.366364,1,0,0,0,0
-229.336731,12,636.996029,0,0,1,0,0
173.257684,14,646.278052,0,0,1,0,0
-220.998003,13,648.161072,0,0,1,0,0
28.826743,1,648.487107,0,0,0,0,1
37.826744,1,648.903893,0,0,0,0,1
-188.320802,5,652.058517,0,0,1,0,0
749.877112,33,659.676303,0,0,1,0,0
478.852829,1,660.10319,0,0,1,0,0
589.339962,28,665.288729,0,0,1,0,0
37.778864,1,665.894161,0,0,0,0,1
28.778864,1,666.55295,0,0,0,0,1
1110.151614,63,675.062572,0,0,1,0,0
1088.249421,42,691.117271,1,0,0,0,0
-133.419669,4,695.423677,0,0,1,0,0
-140.999267,1,699.466266,1,0,0,0,0
405.947875,18,710.81064,0,0,1,0,0
37.93954,1,711.394954,0,0,0,0,1
480.129458,1,712.394516,0,0,1,0,0
480.129458,1,713.086731,0,0,1,0,0
471.129458,1,713.763344,0,0,1,0,0
-127.036262,3,716.409065,0,0,1,0,0
28.931002,1,716.815837,0,0,0,0,1
-108.16604,2,717.652812,1,0,0,0,0
-117.110905,5,721.280356,0,0,1,0,0
770.696638,43,734.543176,0,0,1,0,0
671.489219,36,751.687563,0,0,1,0,0
318.512815,15,761.992113,0,0,1,0,0
28.831123,1,762.492496,0,0,0,0,1
28.800053,1,763.04721,0,0,0,0,1
-42.18719,7,765.16041,0,0,1,0,0
83.436297,7,769.221093,0,0,1,0,0
246.042182,17,772.999093,0,0,1,0,0
723.727127,28,801.88365,0,0,1,0,0
437.426344,19,809.109456,0,0,1,0,0
37.93954,1,814.169399,0,0,0,0,1
-141.597007,5,817.855795,1,0,0,0,0
221.935632,16,821.929733,0,0,1,0,0
-205.83417,5,825.091067,0,0,1,0,0
-129.36697,4,828.702999,0,0,1,0,0
17.261467,1,829.348656,0,0,1,0,0
471.129458,1,829.898401,0,0,1,0,0
-129.614897,4,833.508399,0,0,1,0,0
28.931002,1,834.04708,0,0,0,0,1
61.898643,11,837.94785,0,0,1,0,0
63.279452,11,842.013821,0,0,1,0,0
-153.723965,3,847.203734,0,0,1,0,0
28.778864,1,847.85649,0,0,0,0,1
721.8429,37,856.924449,0,0,1,0,0
1420.860616,60,884.175168,0,0,1,0,0
966.209525,41,893.665933,0,0,1,0,0
37.93954,1,894.051627,0,0,0,0,1
471.129458,1,894.568629,0,0,1,0,0
53.362129,8,896.800716,0,0,1,0,0
478.881733,1,897.370374,0,0,1,0,0
-151.800564,7,902.75091,0,0,1,0,0
-25.38303,7,904.617282,0,0,1,0,0
222.037156,14,1274.212126,0,0,1,0,0
-131.65655,4,1278.255758,0,0,1,0,0
37.800053,1,1278.759598,0,0,0,0,1
28.93954,1,1279.430169,0,0,0,0,1
480.129458,1,1280.189246,0,0,1,0,0
1130.11077,50,1291.935828,0,0,1,0,0
37.93954,1,1292.72174,0,0,0,0,1
28.873836,1,1293.447733,0,0,0,0,1
28.863408,1,1299.130917,0,0,0,0,1
37.826743,1,1300.019973,0,0,0,0,1
28.93954,1,1300.890977,0,0,0,0,1
896.753626,42,1339.648019,0,0,1,0,0
507.525593,23,1344.298101,0,0,1,0,0
37.997291,1,1344.804903,0,0,0,0,1
1384.504218,37,1354.406278,0,0,0,0,1
52.896753,2,1357.026435,0,0,1,0,0
93.535729,12,1360.602316,0,0,1,0,0
17.261467,1,1361.332292,0,0,1,0,0
28.931002,1,1361.958335,0,0,0,0,1
772.957042,36,1371.365624,0,0,1,0,0
478.846564,1,1372.029542,0,0,1,0,0
478.773494,1,1372.885832,0,0,1,0,0
28.859287,1,1373.197509,1,0,0,0,0
480.129458,1,1373.685986,0,0,1,0,0
857.990837,37,1388.591835,1,0,0,0,0
674.544286,31,1394.969373,0,0,1,0,0
28.82862,1,1395.541532,0,0,0,0,1
5.377855,9,1398.973372,0,0,1,0,0
687.245908,39,1405.510237,0,0,1,0,0
28.873836,1,1405.910918,0,0,0,0,1
478.881733,1,1406.484246,0,0,1,0,0
436.276925,24,1410.121607,0,0,1,0,0
-124.351635,3,1413.892101,0,0,1,0,0
130.958458,14,1416.600587,0,0,1,0,0
313.22071,14,1423.46963,0,0,1,0,0
37.826743,1,1423.796176,0,0,0,0,1
22.432527,9,1424.949846,0,0,1,0,0
28.931002,1,1425.256312,0,0,0,0,1
732.904519,28,1439.802787,0,0,1,0,0
-198.663258,8,1441.445168,0,0,1,0,0
-119.172416,7,1445.098917,0,0,1,0,0
37.931001,1,1445.648581,0,0,0,0,1
458.463156,23,1499.17987,0,0,1,0,0
130.629123,13,1502.156579,0,0,1,0,0
130.520294,13,1509.779174,0,0,1,0,0
128.650146,13,1513.408619,0,0,1,0,0
37.826743,1,1514.033036,0,0,0,0,1
927.771665,38,1527.259174,1,0,0,0,0
572.731096,25,1536.832317,0,0,1,0,0
28.800053,1,1537.314806,0,0,0,0,1
853.608815,41,1544.732187,0,0,1,0,0
330.024789,17,1548.238357,0,0,1,0,0
28.859286,1,1548.628777,1,0,0,0,0
97.787447,12,1551.673904,0,0,1,0,0
28.93954,1,1552.355871,0,0,0,0,1
28.93954,1,1553.08011,0,0,0,0,1
790.502121,37,1582.458702,0,0,1,0,0
28.968284,1,1583.416785,0,0,0,0,1
812.017536,30,1610.042759,0,0,1,0,0
37.939541,1,1610.748278,0,0,0,0,1
487.881733,1,1611.256029,0,0,1,0,0
888.214241,42,1627.697035,0,0,1,0,0
-11.483803,8,1629.276906,0,0,1,0,0
976.5239,37,1642.273947,0,0,1,0,0
28.863408,1,1642.624238,0,0,0,0,1
53.612573,10,1645.094851,0,0,1,0,0
88.552438,12,1648.58188,0,0,1,0,0
873.032361,40,1666.353253,0,0,1,0,0
25.988192,1,1666.842723,0,0,1,0,0
222.504872,15,1669.649791,1,0,0,0,0
485.51191,22,1681.654473,0,0,1,0,0
28.99729,1,1682.026423,0,0,0,0,1
212.502886,14,1692.578646,0,0,1,0,0
28.800053,1,1692.899793,0,0,0,0,1
627.197555,28,1698.764476,0,0,1,0,0
-153.54912,3,1703.826595,0,0,1,0,0
1160.753005,50,1727.984245,0,0,1,0,0
28.800053,1,1728.390772,0,0,0,0,1
28.968284,1,1729.217842,0,0,0,0,1
34.637882,2,1729.887022,0,0,1,0,0
318.940211,18,1735.435495,0,0,1,0,0
-123.816724,3,1739.464943,0,0,1,0,0
37.826742,1,1740.078084,0,0,0,0,1
28.99729,1,1740.441159,0,0,0,0,1
37.863408,1,1740.901941,0,0,0,0,1
591.44871,36,1746.438492,0,0,1,0,0
28.93954,1,1747.072378,0,0,0,0,1
28.82862,1,1747.698244,0,0,0,0,1
693.070733,38,1756.480881,0,0,1,0,0
189.198243,15,1760.292981,0,0,1,0,0
28.863408,1,1760.849354,0,0,0,0,1
28.977188,1,1761.496449,0,0,0,0,1
28.80893,1,1762.01828,0,0,0,0,1
978.822524,62,1787.83343,0,0,1,0,0
459.081904,27,1795.784898,0,0,1,0,0
474.607941,31,1802.304004,0,0,1,0,0
28.778864,1,1802.890311,0,0,0,0,1
20.928598,1,1803.833735,0,0,1,0,0
28.93954,1,1804.58438,0,0,0,0,1
37.800053,1,1804.964824,0,0,0,0,1
1020.815319,43,1825.035748,0,0,1,0,0
28.863408,1,1825.507503,0,0,0,0,1
729.213496,43,1839.26022,0,0,1,0,0
-133.419669,4,1843.348164,0,0,1,0,0
28.778864,1,1843.700462,0,0,0,0,1
164.628834,11,1848.063713,0,0,1,0,0
588.885905,33,1856.500684,0,0,1,0,0
28.931002,1,1857.149266,0,0,0,0,1
319.758038,18,1862.209558,0,0,1,0,0
721.120377,33,1869.190415,0,0,1,0,0
37.826743,1,1869.563205,0,0,0,0,1
-16.22479,6,1871.949245,0,0,1,0,0
28.99729,1,1872.622845,0,0,0,0,1
52.896753,2,1875.142971,0,0,1,0,0
444.148447,22,1902.158929,0,0,1,0,0
28.778864,1,1902.529827,0,0,0,0,1
478.881733,1,1903.247847,0,0,1,0,0
52.73018,10,1905.201332,0,0,1,0,0
28.93954,1,1905.526705,0,0,0,0,1
471.129458,1,1906.046103,0,0,1,0,0
-108.16604,2,1906.484484,1,0,0,0,0
17.261467,1,1907.246585,0,0,1,0,0
478.888918,1,1907.953032,0,0,1,0,0
48.885026,10,1909.13484,0,0,1,0,0
28.826743,1,1909.519156,0,0,0,0,1
28.93954,1,1909.897105,0,0,0,0,1
-13.527969,8,1914.096305,0,0,1,0,0
28.778864,1,1914.572786,0,0,0,0,1
327.962738,31,1922.755138,0,0,1,0,0
26.263476,1,1923.527198,0,0,1,0,0
28.859287,1,1923.943033,1,0,0,0,0
1268.824288,52,1948.149464,0,0,1,0,0
37.826743,1,1948.636839,0,0,0,0,1
37.863408,1,1949.050414,0,0,0,0,1
302.951673,20,1953.218906,0,0,1,0,0
37.99729,1,1953.843103,0,0,0,0,1
520.821623,21,1961.57475,0,0,1,0,0
81.018919,7,1972.206327,0,0,1,0,0
28.938687,1,1972.853179,0,0,0,0,1
733.781686,31,1984.389719,0,0,1,0,0
28.863408,1,1984.717875,0,0,0,0,1
28.99729,1,1985.370449,0,0,0,0,1
-150.222702,6,1989.750561,0,0,1,0,0
37.826743,1,1990.295477,0,0,0,0,1
37.800053,1,1990.663074,0,0,0,0,1
1260.146382,51,2014.178229,0,0,1,0,0
-235.025142,12,2016.213888,0,0,1,0,0
454.231146,22,2020.535084,0,0,1,0,0
754.531464,34,2035.512611,0,0,1,0,0
721.149864,35,2060.994859,0,0,1,0,0
819.777779,43,2072.774608,0,0,1,0,0
28.931002,1,2073.350484,0,0,0,0,1
37.93954,1,2073.843393,0,0,0,0,1
616.466091,29,2105.962959,0,0,1,0,0
28.931002,1,2106.334551,0,0,0,0,1
842.497451,38,2125.01044,0,0,1,0,0
412.96983,21,2129.862821,0,0,1,0,0
28.931002,1,2130.188186,0,0,0,0,1
28.778864,1,2130.556032,0,0,0,0,1
645.19727,30,2140.728575,0,0,1,0,0
5.207412,9,2144.084132,0,0,1,0,0
94.8864,12,2147.573261,0,0,1,0,0
13.751664,9,2153.817387,0,0,1,0,0
478.881733,1,2154.28123,0,0,1,0,0
255.89833,12,2174.986799,0,0,1,0,0
478.852829,1,2175.209151,0,0,1,0,0
28.977188,1,2175.665115,0,0,0,0,1
50.869295,2,2176.543864,0,0,1,0,0
478.881733,1,2177.126105,0,0,1,0,0
37.80893,1,2177.469221,0,0,0,0,1
352.927889,20,2181.064244,0,0,1,0,0
115.566088,13,2184.152184,0,0,1,0,0
28.859285,1,2184.534327,1,0,0,0,0
28.826743,1,2184.939715,0,0,0,0,1
1636.426589,63,2227.95855,0,0,1,0,0
371.564751,21,2232.930114,0,0,1,0,0
28.99729,1,2233.294142,0,0,0,0,1
260.79046,13,2249.573851,0,0,1,0,0
28.859287,1,2249.89766,1,0,0,0,0
28.826743,1,2250.296661,0,0,0,0,1
-9.634083,8,2251.494292,0,0,1,0,0
600.961324,26,2256.968175,1,0,0,0,0
669.787149,33,2262.78857,1,0,0,0,0
37.93954,1,2263.191617,0,0,0,0,1
17.261467,1,2263.927017,0,0,1,0,0
249.941265,14,2268.336132,0,0,1,0,0
348.751305,22,2278.095982,0,0,1,0,0
-28.869935,4,2279.583408,0,0,1,0,0
569.73792,27,2285.403136,0,0,1,0,0
-188.140787,5,2287.66788,0,0,1,0,0
866.057464,42,2298.263198,0,0,1,0,0
644.331804,35,2305.537833,0,0,1,0,0
747.451544,41,2314.798107,0,0,1,0,0
37.778865,1,2315.48578,0,0,0,0,1
487.881733,1,2315.955797,0,0,1,0,0
-141.795883,5,2318.795406,1,0,0,0,0
28.920203,1,2319.234024,0,0,0,0,1
1127.693632,46,2348.493708,0,0,1,0,0
135.12694,13,2350.939512,0,0,1,0,0
774.509689,42,2365.58129,0,0,1,0,0
-181.883422,5,2366.972856,0,0,1,0,0
17.077024,1,2369.213996,0,0,1,0,0
2.111079,8,2370.104414,0,0,1,0,0
478.881733,1,2370.59685,0,0,1,0,0
597.518481,35,2377.992372,0,0,1,0,0
478.881733,1,2378.388886,0,0,1,0,0
679.359829,29,2388.976664,1,0,0,0,0
17.077024,1,2391.016093,0,0,1,0,0
471.129458,1,2391.446317,0,0,1,0,0
469.536964,22,2395.514599,0,0,1,0,0
124.656814,13,2399.260769,0,0,1,0,0
478.888918,1,2399.650572,0,0,1,0,0
550.561422,25,2406.700617,0,0,1,0,0
-140.897522,5,2409.398757,1,0,0,0,0
28.93954,1,2409.718413,0,0,0,0,1
32.990579,10,2414.011852,0,0,1,0,0
496.078485,24,2425.20543,1,0,0,0,0
589.071694,36,2431.01273,0,0,1,0,0
630.599158,10,2433.648628,0,0,0,0,1
-179.603445,5,2434.452373,0,0,1,0,0
-37.057542,4,2435.503257,0,0,1,0,0
486.881733,1,2435.874951,0,0,1,0,0
37.93954,1,2436.220257,0,0,0,0,1
28.93954,1,2436.583341,0,0,0,0,1
37.968285,1,2437.037548,0,0,0,0,1
37.800053,1,2437.46385,0,0,0,0,1
-126.984864,3,2439.264658,1,0,0,0,0
-33.005718,7,2440.801683,0,0,1,0,0
567.607372,24,2462.93878,0,0,1,0,0
-71.532069,7,2468.639409,0,0,1,0,0
853.900495,39,2479.289317,1,0,0,0,0
-199.995474,8,2480.162617,0,0,1,0,0
478.888918,1,2480.46825,0,0,1,0,0
345.801568,17,2485.992295,0,0,1,0,0
20.928598,1,2486.633667,0,0,1,0,0
535.056015,25,2498.625127,0,0,1,0,0
28.859287,1,2498.998845,1,0,0,0,0
168.915556,14,2502.751475,0,0,1,0,0
487.888918,1,2503.079994,0,0,1,0,0
35.970534,10,2507.296828,0,0,1,0,0
37.93954,1,2507.640561,0,0,0,0,1
893.57312,36,2549.668767,0,0,1,0,0
-124.087411,3,2552.923549,0,0,1,0,0
95.161208,12,2555.689246,0,0,1,0,0
828.825433,39,2564.221912,0,0,1,0,0
264.24384,12,2574.592607,0,0,1,0,0
28.931002,1,2574.866168,0,0,0,0,1
-140.980155,1,2577.89278,1,0,0,0,0
-133.523299,4,2581.395234,0,0,1,0,0
28.99729,1,2581.864756,0,0,0,0,1
28.99729,1,2582.262371,0,0,0,0,1
28.931002,1,2582.630759,0,0,0,0,1
757.704788,40,2598.997356,0,0,1,0,0
28.863408,1,2599.621619,0,0,0,0,1
76.15342,14,2602.034978,0,0,1,0,0
28.826743,1,2602.720755,0,0,0,0,1
28.99729,1,2603.060153,0,0,0,0,1
181.135213,10,2611.974897,0,0,1,0,0
141.752841,14,2615.140039,0,0,1,0,0
28.859287,1,2615.421892,1,0,0,0,0
28.778864,1,2615.800347,0,0,0,0,1
1582.183297,74,2630.690515,1,0,0,0,0
28.778864,1,2631.204299,0,0,0,0,1
413.233639,21,2635.720967,0,0,1,0,0
478.888918,1,2636.048329,0,0,1,0,0
478.90969,1,2636.575186,0,0,1,0,0
-44.842087,4,2637.776355,0,0,1,0,0
37.997289,1,2638.064673,0,0,0,0,1
28.93954,1,2638.612303,0,0,0,0,1
28.826743,1,2639.023499,0,0,0,0,1
480.129458,1,2639.481419,0,0,1,0,0
992.546692,48,2652.894831,0,0,1,0,0
579.709556,27,2666.170717,0,0,1,0,0
-196.809136,9,2668.039871,0,0,1,0,0
28.968284,1,2668.331646,0,0,0,0,1
-147.601185,6,2672.164421,0,0,1,0,0
28.800053,1,2672.534348,0,0,0,0,1
-129.312562,4,2675.87641,0,0,1,0,0
28.93954,1,2676.151099,0,0,0,0,1
478.90969,1,2676.721907,0,0,1,0,0
494.722327,23,2680.66858,0,0,1,0,0
28.800053,1,2681.057221,0,0,0,0,1
28.931002,1,2681.729028,0,0,0,0,1
478.881733,1,2682.11672,0,0,1,0,0
-59.559164,7,2687.139846,0,0,1,0,0
28.800053,1,2687.589689,0,0,0,0,1
37.863408,1,2687.974646,0,0,0,0,1
1094.982247,44,2907.431695,0,0,1,0,0
28.778864,1,2907.731144,0,0,0,0,1
257.918915,17,2911.855594,0,0,1,0,0
744.563956,39,2919.853726,0,0,1,0,0
18.181213,9,2920.903896,0,0,1,0,0
-122.103929,6,2922.833379,0,0,1,0,0
28.863408,1,2923.126382,0,0,0,0,1
214.994378,24,2936.835003,0,0,1,0,0
956.193617,45,2978.112619,0,0,1,0,0
328.939685,16,2983.724506,0,0,1,0,0
37.82862,1,2984.15494,0,0,0,0,1
28.800053,1,2984.628003,0,0,0,0,1
626.772299,30,2998.637142,0,0,1,0,0
-124.115852,3,3002.070789,0,0,1,0,0
28.93954,1,3002.410779,0,0,0,0,1
930.527412,43,3016.068827,0,0,1,0,0
615.631332,27,3028.769122,0,0,1,0,0
28.800053,1,3029.08396,0,0,0,0,1
109.018638,8,3038.781661,0,0,1,0,0
-129.725613,4,3042.090129,0,0,1,0,0
354.22136,18,3050.215935,0,0,1,0,0
28.931002,1,3050.670615,0,0,0,0,1
487.881734,1,3051.036993,0,0,1,0,0
130.07155,11,3062.667462,0,0,1,0,0
97.555579,11,3065.48548,0,0,1,0,0
231.9984,12,3070.882081,0,0,1,0,0
457.777305,27,3075.553054,0,0,1,0,0
635.047971,28,3090.400368,0,0,1,0,0
28.931002,1,3096.198936,0,0,0,0,1
685.261178,31,3109.165792,0,0,1,0,0
-153.527846,3,3113.56899,0,0,1,0,0
-72.03449,7,3118.871184,0,0,1,0,0
494.304248,47,3139.896903,1,0,0,0,0
28.93954,1,3140.204477,0,0,0,0,1
328.215566,19,3143.123272,0,0,1,0,0
804.903722,36,3163.014396,0,0,1,0,0
514.441668,33,3169.836009,0,0,1,0,0
214.839614,12,3177.712398,0,0,1,0,0
28.800053,1,3178.015535,0,0,0,0,1
-117.165992,5,3180.89191,0,0,1,0,0
28.778864,1,3181.211223,0,0,0,0,1
392.88687,22,3186.098293,0,0,1,0,0
28.93954,1,3186.420298,0,0,0,0,1
-142.462546,5,3189.099113,1,0,0,0,0
37.826743,1,3189.592202,0,0,0,0,1
73.012683,11,3192.706874,0,0,1,0,0
532.121826,24,3203.911358,0,0,1,0,0
37.93954,1,3204.2504,0,0,0,0,1
28.931002,1,3204.629865,0,0,0,0,1
28.859287,1,3205.312259,1,0,0,0,0
222.504872,15,3207.52856,1,0,0,0,0
161.596716,15,3216.356389,0,0,1,0,0
28.93954,1,3216.678039,0,0,0,0,1
37.931002,1,3217.371568,0,0,0,0,1
845.915354,41,3225.093267,0,0,1,0,0
757.754237,37,3233.407034,0,0,1,0,0
28.968284,1,3233.828828,0,0,0,0,1
133.986472,10,3236.991609,0,0,1,0,0
28.978367,1,3237.425171,0,0,0,0,1
904.63338,37,3254.280282,0,0,1,0,0
-180.896971,5,3255.174227,0,0,1,0,0
657.464809,45,3265.538322,0,0,1,0,0
471.129458,1,3266.030477,0,0,1,0,0
28.859287,1,3266.379513,1,0,0,0,0
471.129458,1,3266.856678,0,0,1,0,0
621.030667,29,3279.879805,0,0,1,0,0
37.93954,1,3280.241454,0,0,0,0,1
471.129458,1,3280.757858,0,0,1,0,0
182.225021,14,3283.805809,0,0,1,0,0
478.881733,1,3284.488744,0,0,1,0,0
28.93954,1,3284.781595,0,0,0,0,1
129.06169,13,3287.863268,0,0,1,0,0
28.778864,1,3288.258468,0,0,0,0,1
37.82862,1,3288.682869,0,0,0,0,1
28.938687,1,3289.05179,0,0,0,0,1
478.881733,1,3289.542728,0,0,1,0,0
28.82862,1,3289.862063,0,0,0,0,1
538.538113,27,3294.25537,0,0,1,0,0
478.881733,1,3294.616542,0,0,1,0,0
902.287812,42,3320.241722,0,0,1,0,0
705.701901,31,3333.478647,0,0,1,0,0
72.173757,36,3341.585591,0,0,1,0,0
335.056309,21,3345.557732,0,0,1,0,0
93.473261,12,3348.925448,0,0,1,0,0
641.358046,35,3357.660038,0,0,1,0,0
-151.800564,7,3361.951001,0,0,1,0,0
1.923978,8,3362.812722,0,0,1,0,0
37.778864,1,3363.121709,0,0,0,0,1
222.504872,15,3365.411873,1,0,0,0,0
471.129458,1,3365.831271,0,0,1,0,0
349.000787,23,3370.238018,0,0,1,0,0
679.766385,29,3384.179972,1,0,0,0,0
28.93954,1,3384.600323,0,0,0,0,1
28.859287,1,3384.958047,1,0,0,0,0
28.82862,1,3385.329353,0,0,0,0,1
28.968284,1,3385.737413,0,0,0,0,1
28.82862,1,3386.158371,0,0,0,0,1
478.846564,1,3386.54868,0,0,1,0,0
-8.162927,8,3388.888081,0,0,1,0,0
28.800053,1,3389.306254,0,0,0,0,1
634.637546,24,3400.270572,0,0,1,0,0
37.93954,1,3400.663623,0,0,0,0,1
-73.44017,7,3406.024816,0,0,1,0,0
1724.029871,48,3418.647138,0,0,0,0,1
480.129458,1,3419.109732,0,0,1,0,0
535.200766,39,3431.690139,0,0,1,0,0
28.831123,1,3432.02873,0,0,0,0,1
-151.800564,7,3436.237233,0,0,1,0,0
487.888918,1,3436.574334,0,0,1,0,0
1417.714519,59,3455.948421,1,0,0,0,0
28.977188,1,3456.398708,0,0,0,0,1
37.800052,1,3456.734495,0,0,0,0,1
41.877765,2,3457.413854,0,0,1,0,0
471.129458,1,3457.873312,0,0,1,0,0
478.773494,1,3458.313592,0,0,1,0,0
28.931002,1,3458.636391,0,0,0,0,1
37.82862,1,3458.991674,0,0,0,0,1
600.612081,35,3464.90518,0,0,1,0,0
607.186107,29,3470.01324,0,0,1,0,0
633.44741,30,3475.967565,0,0,1,0,0
-140.897522,5,3478.712316,1,0,0,0,0
166.357954,11,3481.892894,0,0,1,0,0
28.99729,1,3487.960959,0,0,0,0,1
28.93954,1,3488.547147,0,0,0,0,1
37.931002,1,3489.093708,0,0,0,0,1
37.938687,1,3489.484615,0,0,0,0,1
807.956338,33,3500.209968,1,0,0,0,0
37.93954,1,3500.586309,0,0,0,0,1
28.800053,1,3500.919695,0,0,0,0,1
28.826743,1,3501.291761,0,0,0,0,1
226.204243,15,3504.413174,0,0,1,0,0
816.698129,40,3511.176761,0,0,1,0,0
68.750071,11,3514.445251,0,0,1,0,0
-34.118485,7,3516.064691,0,0,1,0,0
28.99729,1,3516.445805,0,0,0,0,1
52.896753,2,3518.535424,0,0,1,0,0
37.778864,1,3518.825991,0,0,0,0,1
28.800053,1,3519.375229,0,0,0,0,1
37.931002,1,3519.711257,0,0,0,0,1
28.859287,1,3520.033546,1,0,0,0,0
28.93954,1,3520.397251,0,0,0,0,1
37.778864,1,3521.019121,0,0,0,0,1
37.863408,1,3521.360495,0,0,0,0,1
28.778864,1,3521.742384,0,0,0,0,1
1445.208377,40,3529.779818,0,0,0,0,1
37.800053,1,3530.083449,0,0,0,0,1
-140.996488,1,3533.042521,1,0,0,0,0
37.931001,1,3533.400216,0,0,0,0,1
-8.822454,8,3536.181819,0,0,1,0,0
480.129458,1,3536.643192,0,0,1,0,0
478.881733,1,3537.020211,0,0,1,0,0
305.306788,15,3544.392107,0,0,1,0,0
412.909438,20,3548.691907,0,0,1,0,0
478.90969,1,3549.302354,0,0,1,0,0
1436.349788,55,3567.752276,0,0,1,0,0
478.90969,1,3568.223051,0,0,1,0,0
478.852829,1,3568.463132,0,0,1,0,0
95.811124,11,3571.519771,0,0,1,0,0
-72.055697,7,3576.686971,0,0,1,0,0
28.826743,1,3577.03351,0,0,0,0,1
22.432527,9,3577.988545,0,0,1,0,0
17.077024,1,3579.957567,0,0,1,0,0
28.931002,1,3580.255882,0,0,0,0,1
824.33331,37,3587.959944,0,0,1,0,0
28.826743,1,3588.410358,0,0,0,0,1
28.93954,1,3588.721649,0,0,0,0,1
28.968284,1,3589.115348,0,0,0,0,1
37.93954,1,3589.601689,0,0,0,0,1
37.93954,1,3590.006938,0,0,0,0,1
537.745189,22,3599.627849,0,0,1,0,0
543.383614,27,3604.532203,0,0,1,0,0
28.826743,1,3604.896888,0,0,0,0,1
478.881733,1,3605.295915,0,0,1,0,0
478.846564,1,3605.610838,0,0,1,0,0
366.014475,16,3621.710252,0,0,1,0,0
47.221541,10,3622.756657,0,0,1,0,0
28.968284,1,3623.061203,0,0,0,0,1
576.289783,42,3633.559899,0,0,1,0,0
1067.509523,45,3669.075796,0,0,1,0,0
678.544519,36,3673.755352,0,0,1,0,0
392.963229,19,3685.673231,0,0,1,0,0
344.500252,18,3698.872591,0,0,1,0,0
98.363202,11,3701.922129,0,0,1,0,0
-153.777068,3,3706.409948,0,0,1,0,0
28.99729,1,3706.827306,0,0,0,0,1
28.931002,1,3707.167852,0,0,0,0,1
-140.683616,5,3709.8986,1,0,0,0,0
28.800053,1,3710.203189,0,0,0,0,1
28.93954,1,3710.566852,0,0,0,0,1
28.863408,1,3710.931072,0,0,0,0,1
247.872945,12,3724.844993,0,0,1,0,0
28.99729,1,3725.172759,0,0,0,0,1
1340.952354,57,3741.034151,1,0,0,0,0
170.192374,13,3743.753508,0,0,1,0,0
310.027813,15,3757.405619,0,0,1,0,0
487.881733,1,3757.747924,0,0,1,0,0
651.072849,36,3762.611883,0,0,1,0,0
37.778864,1,3762.977456,0,0,0,0,1
936.95354,40,3782.15205,0,0,1,0,0
1215.855133,45,3802.325761,0,0,1,0,0
28.99729,1,3802.696723,0,0,0,0,1
28.826743,1,3803.126816,0,0,0,0,1
-140.999267,1,3806.225728,1,0,0,0,0
612.307196,45,3816.801668,0,0,1,0,0
37.863408,1,3817.374652,0,0,0,0,1
304.771158,16,3832.314493,0,0,1,0,0
487.881733,1,3832.694686,0,0,1,0,0
471.129458,1,3833.115787,0,0,1,0,0
697.439549,32,3838.990944,0,0,1,0,0
25.988192,1,3839.472058,0,0,1,0,0
28.863408,1,3839.795607,0,0,0,0,1
193.126685,15,3844.075812,0,0,1,0,0
-125.896674,5,3846.949663,0,0,1,0,0
37.778864,1,3847.222034,0,0,0,0,1
-149.015775,6,3851.010492,0,0,1,0,0
28.873836,1,3851.428299,0,0,0,0,1
28.931002,1,3851.772279,0,0,0,0,1
-218.987211,12,3853.782483,0,0,1,0,0
28.778864,1,3854.110753,0,0,0,0,1
28.826743,1,3854.527029,0,0,0,0,1
-123.86979,3,3857.762351,0,0,1,0,0
28.826743,1,3858.11883,0,0,0,0,1
710.829239,32,3864.358102,0,0,1,0,0
648.288507,29,3876.906748,1,0,0,0,0
37.931002,1,3877.3047,0,0,0,0,1
37.800054,1,3877.695291,0,0,0,0,1
525.762939,23,3881.728832,1,0,0,0,0
28.931002,1,3882.061561,0,0,0,0,1
37.93954,1,3882.43705,0,0,0,0,1
28.931002,1,3882.811104,0,0,0,0,1
17.083699,1,3884.849581,0,0,1,0,0
28.873836,1,3885.235583,0,0,0,0,1
-133.652188,4,3888.772439,0,0,1,0,0
28.800053,1,3889.06179,0,0,0,0,1
20.928598,1,3889.603788,0,0,1,0,0
28.826743,1,3890.014575,0,0,0,0,1
37.778864,1,3890.395042,0,0,0,0,1
28.931002,1,3890.759104,0,0,0,0,1
28.871135,1,3891.217149,0,0,0,0,1
37.93954,1,3891.55445,0,0,0,0,1
28.93954,1,3891.920508,0,0,0,0,1
331.443566,21,3907.131101,0,0,1,0,0
28.991637,1,3907.516776,0,0,0,0,1
28.82862,1,3907.853991,0,0,0,0,1
28.826743,1,3908.2575,0,0,0,0,1
-8.972534,8,3909.516841,0,0,1,0,0
478.773494,1,3910.013974,0,0,1,0,0
579.363108,26,3915.026962,0,0,1,0,0
28.931002,1,3915.326059,0,0,0,0,1
28.931002,1,3915.986656,0,0,0,0,1
1317.462323,50,3933.955225,0,0,1,0,0
28.826743,1,3934.352202,0,0,0,0,1
478.846564,1,3934.710418,0,0,1,0,0
1076.328878,45,3950.214397,0,0,1,0,0
28.82862,1,3950.769187,0,0,0,0,1
28.872852,1,3951.206451,0,0,0,0,1
718.252755,30,3959.100269,0,0,1,0,0
37.778864,1,3959.546663,0,0,0,0,1
-140.999267,1,3962.675454,1,0,0,0,0
692.496091,30,3996.753977,0,0,1,0,0
37.826741,1,3997.149225,0,0,0,0,1
28.778864,1,3997.530397,0,0,0,0,1
596.202358,35,4004.865522,0,0,1,0,0
28.778864,1,4005.252119,0,0,0,0,1
36.01494,10,4009.552917,0,0,1,0,0
26.262757,1,4010.172547,0,0,1,0,0
28.800053,1,4010.713961,0,0,0,0,1
28.800053,1,4011.085417,0,0,0,0,1
994.924657,37,4032.394276,0,0,1,0,0
28.873836,1,4032.745389,0,0,0,0,1
28.80893,1,4033.110107,0,0,0,0,1
480.129458,1,4033.586863,0,0,1,0,0
-127.060999,3,4035.976421,0,0,1,0,0
28.778864,1,4036.300454,0,0,0,0,1
28.859287,1,4036.664066,1,0,0,0,0
545.934875,27,4041.852455,0,0,1,0,0
28.800053,1,4042.182507,0,0,0,0,1
37.997289,1,4042.547634,0,0,0,0,1
17.261467,1,4043.223926,0,0,1,0,0
37.800053,1,4043.588726,0,0,0,0,1
435.079874,30,4050.084215,0,0,1,0,0
933.747757,45,4068.987406,0,0,1,0,0
316.825781,18,4078.151616,0,0,1,0,0
86.226538,12,4081.753467,0,0,1,0,0
1327.674027,50,4103.726514,0,0,1,0,0
292.763708,14,4110.90833,0,0,1,0,0
569.78959,26,4140.816324,1,0,0,0,0
566.835088,48,4150.523692,0,0,1,0,0
-121.969582,6,4151.99447,0,0,1,0,0
28.826743,1,4152.272342,0,0,0,0,1
-13.683091,8,4155.508266,0,0,1,0,0
50.864252,2,4156.086951,0,0,1,0,0
478.881733,1,4156.459868,0,0,1,0,0
102.856868,15,4159.916557,0,0,1,0,0
37.778864,1,4160.288235,0,0,0,0,1
-126.999021,3,4162.721225,0,0,1,0,0
28.863408,1,4162.992671,0,0,0,0,1
28.778864,1,4163.348143,0,0,0,0,1
28.99729,1,4163.704097,0,0,0,0,1
487.888918,1,4164.114141,0,0,1,0,0
28.778864,1,4164.517541,0,0,0,0,1
655.803913,34,4171.408294,0,0,1,0,0
-9.626156,8,4172.588291,0,0,1,0,0
-34.519334,7,4174.174594,0,0,1,0,0
643.942802,28,4198.97832,0,0,1,0,0
494.961424,25,4203.404142,1,0,0,0,0
950.000809,45,4217.643141,0,0,1,0,0
28.826743,1,4218.038656,0,0,0,0,1
266.171636,12,4228.668559,0,0,1,0,0
578.237803,28,4233.091042,0,0,1,0,0
28.909529,1,4233.488582,0,0,0,0,1
28.778864,1,4233.862047,0,0,0,0,1
711.1513,33,4239.371367,1,0,0,0,0
478.881733,1,4239.727714,0,0,1,0,0
28.863408,1,4240.013504,0,0,0,0,1
507.96933,25,4244.875839,1,0,0,0,0
596.594824,27,4249.809382,0,0,1,0,0
28.800053,1,4250.110024,0,0,0,0,1
895.706589,37,4262.692424,1,0,0,0,0
28.93954,1,4263.006458,0,0,0,0,1
-17.016359,6,4264.946441,0,0,1,0,0
698.261793,32,4277.11082,0,0,1,0,0
422.017502,20,4289.31315,0,0,1,0,0
316.811467,20,4293.113579,0,0,1,0,0
478.846564,1,4293.651573,0,0,1,0,0
472.617929,24,4300.17847,0,0,1,0,0
837.243926,37,4317.876849,0,0,1,0,0
669.347776,34,4323.187464,0,0,1,0,0
-178.324323,5,4323.94996,0,0,1,0,0
28.82862,1,4324.235878,0,0,0,0,1
28.826743,1,4324.620226,0,0,0,0,1
1684.602996,64,4355.139294,0,0,1,0,0
478.90969,1,4355.649297,0,0,1,0,0
28.826743,1,4356.038549,0,0,0,0,1
28.778864,1,4356.462879,0,0,0,0,1
1216.923944,52,4383.280425,0,0,1,0,0
37.863408,1,4383.605038,0,0,0,0,1
28.82862,1,4384.02689,0,0,0,0,1
37.800053,1,4384.41266,0,0,0,0,1
-151.697366,6,4394.585844,0,0,1,0,0
195.982932,11,4399.419609,0,0,1,0,0
330.261316,21,4421.206726,0,0,1,0,0
889.163983,42,4453.406882,0,0,1,0,0
28.949739,1,4454.174096,0,0,0,0,1
487.881733,1,4454.639477,0,0,1,0,0
734.488341,33,4467.83826,0,0,1,0,0
28.778864,1,4468.481404,0,0,0,0,1
28.863408,1,4468.890007,0,0,0,0,1
684.692565,43,4479.096339,0,0,1,0,0
28.826743,1,4479.550502,0,0,0,0,1
28.82862,1,4480.005006,0,0,0,0,1
-14.541541,6,4482.609382,0,0,1,0,0
41.877765,2,4483.349066,0,0,1,0,0
37.778864,1,4483.707037,0,0,0,0,1
742.9968,32,4493.921989,1,0,0,0,0
-7.408556,8,4495.172667,0,0,1,0,0
369.035609,20,4500.824409,0,0,1,0,0
28.863408,1,4501.323661,0,0,0,0,1
487.881733,1,4501.775249,0,0,1,0,0
1027.368783,40,4523.31324,0,0,1,0,0
-131.615462,4,4527.430176,0,0,1,0,0
-9.844928,8,4528.778232,0,0,1,0,0
247.947392,14,4538.459367,0,0,1,0,0
28.968284,1,4538.840147,0,0,0,0,1
28.831123,1,4539.314929,0,0,0,0,1
-36.797513,4,4540.671643,0,0,1,0,0
628.861323,10,4543.310879,0,0,0,0,1
-133.419669,4,4547.102453,0,0,1,0,0
961.226788,42,4568.360456,0,0,1,0,0
487.888918,1,4568.791538,0,0,1,0,0
487.881733,1,4569.308832,0,0,1,0,0
28.800053,1,4569.641489,0,0,0,0,1
-179.337336,5,4570.543577,0,0,1,0,0
809.123282,43,4581.270332,0,0,1,0,0
202.370991,13,4943.496996,0,0,1,0,0
478.846564,1,4943.78209,0,0,1,0,0
219.163179,15,4953.035947,0,0,1,0,0
815.70472,40,4964.470766,0,0,1,0,0
806.301383,36,4981.806679,0,0,1,0,0
-76.559346,4,4983.199133,0,0,1,0,0
37.931002,1,4983.519399,0,0,0,0,1
221.242821,11,4993.861613,0,0,1,0,0
240.269097,15,5364.374547,0,0,1,0,0
480.129458,1,5364.815677,0,0,1,0,0
478.888918,1,5365.168941,0,0,1,0,0
28.800053,1,5365.587504,0,0,0,0,1
-190.184403,5,5368.166351,0,0,1,0,0
1459.429998,66,5379.853269,0,0,1,0,0
37.778864,1,5380.176677,0,0,0,0,1
953.541669,39,5399.461904,0,0,1,0,0
471.129458,1,5399.959185,0,0,1,0,0
28.909529,1,5400.285754,0,0,0,0,1
149.609565,14,5403.692008,0,0,1,0,0
743.731181,31,5416.705105,1,0,0,0,0
28.826743,1,5417.07468,0,0,0,0,1
-154.369613,6,5421.641462,0,0,1,0,0
28.778864,1,5421.962307,0,0,0,0,1
28.859287,1,5422.340942,1,0,0,0,0
478.888918,1,5422.741212,0,0,1,0,0
499.080138,25,5430.006961,0,0,1,0,0
-125.828938,5,5433.169074,0,0,1,0,0
-131.343362,4,5437.016379,0,0,1,0,0
28.909529,1,5437.38879,0,0,0,0,1
894.055535,42,5471.322746,0,0,1,0,0
358.162134,19,5476.241887,0,0,1,0,0
895.047415,43,5487.858613,0,0,1,0,0
37.778864,1,5488.23864,0,0,0,0,1
830.608005,40,5504.710422,0,0,1,0,0
28.931002,1,5505.133724,0,0,0,0,1
584.938292,27,5514.182045,0,0,1,0,0
487.888918,1,5514.708843,0,0,1,0,0
28.778864,1,5515.138355,0,0,0,0,1
28.826743,1,5515.574934,0,0,0,0,1
1095.783586,46,5533.107047,0,0,1,0,0
-127.008596,3,5534.814654,1,0,0,0,0
37.800053,1,5535.136993,0,0,0,0,1
463.601185,24,5546.822689,1,0,0,0,0
28.863408,1,5547.23966,0,0,0,0,1
28.800053,1,5547.626856,0,0,0,0,1
166.597488,14,5550.420863,0,0,1,0,0
-140.999394,1,5553.99447,1,0,0,0,0
357.92292,15,5581.308914,0,0,1,0,0
1046.107308,45,5597.467155,0,0,1,0,0
686.473108,29,5664.3189,1,0,0,0,0
368.346261,23,5668.787292,0,0,1,0,0
28.931002,1,5669.130741,0,0,0,0,1
478.881733,1,5669.603624,0,0,1,0,0
-133.439775,4,5673.605109,0,0,1,0,0
28.99729,1,5673.976175,0,0,0,0,1
-188.650089,8,5675.466012,0,0,1,0,0
184.904887,13,5684.855717,0,0,1,0,0
167.008141,14,5688.363911,0,0,1,0,0
727.573508,33,5724.269926,0,0,1,0,0
28.931002,1,5724.596205,0,0,0,0,1
478.881733,1,5725.050079,0,0,1,0,0
17.712193,9,5726.04084,0,0,1,0,0
478.881733,1,5726.434628,0,0,1,0,0
471.129458,1,5726.873497,0,0,1,0,0
637.619645,28,5735.684191,1,0,0,0,0
380.042277,22,5746.479832,0,0,1,0,0
478.846564,1,5746.897102,0,0,1,0,0
28.931002,1,5747.276942,0,0,0,0,1
-136.617341,5,5750.035766,0,0,1,0,0
811.667276,41,5771.697221,1,0,0,0,0
1030.304391,59,5851.708187,1,0,0,0,0
478.852829,1,5851.947202,0,0,1,0,0
37.82862,1,5852.383537,0,0,0,0,1
-129.147739,4,5856.231734,0,0,1,0,0
28.938687,1,5856.57612,0,0,0,0,1
-206.565173,5,5859.433996,0,0,1,0,0
37.800053,1,5859.755882,0,0,0,0,1
-123.654313,6,5861.534267,0,0,1,0,0
622.61059,14,5865.12061,0,0,0,0,1
-192.997812,9,5866.557839,0,0,1,0,0
28.931002,1,5866.873932,0,0,0,0,1
37.826742,1,5867.316664,0,0,0,0,1
-71.060557,7,5873.253052,0,0,1,0,0
631.563333,10,5887.546666,0,0,0,0,1
720.38728,30,5901.171274,0,0,1,0,0
373.145997,23,5905.461325,0,0,1,0,0
28.778864,1,5905.860031,0,0,0,0,1
-137.606449,5,5908.140877,0,0,1,0,0
-147.248393,6,5912.346627,0,0,1,0,0
37.939541,1,5912.782291,0,0,0,0,1
28.977188,1,5913.314757,0,0,0,0,1
1476.933867,61,5949.766777,0,0,1,0,0
1085.466661,56,6012.509956,0,0,1,0,0
733.573127,33,6021.786473,0,0,1,0,0
37.863408,1,6022.192581,0,0,0,0,1
478.846564,1,6022.873208,0,0,1,0,0
28.93954,1,6023.250779,0,0,0,0,1
28.931002,1,6023.647062,0,0,0,0,1
28.93954,1,6024.049383,0,0,0,0,1
431.963078,20,6030.199758,0,0,1,0,0
177.388497,15,6034.106947,0,0,1,0,0
28.863408,1,6034.487543,0,0,0,0,1
478.881733,1,6034.987021,0,0,1,0,0
723.402797,35,6043.801768,0,0,1,0,0
-128.255005,6,6047.569208,0,0,1,0,0
54.186258,10,6049.387399,0,0,1,0,0
28.938687,1,6049.76484,0,0,0,0,1
737.561193,13,6062.328289,0,0,0,0,1
654.255207,31,6073.02142,0,0,1,0,0
8.617309,9,6074.303082,0,0,1,0,0
68.658869,11,6077.897464,0,0,1,0,0
28.871465,1,6078.375335,0,0,0,0,1
28.82862,1,6078.765463,0,0,0,0,1
37.80893,1,6079.217361,0,0,0,0,1
28.826743,1,6079.650853,0,0,0,0,1
396.121332,21,6091.79385,0,0,1,0,0
529.234664,33,6096.962686,0,0,1,0,0
28.991637,1,6097.492841,0,0,0,0,1
-76.559346,4,6098.750485,0,0,1,0,0
28.800053,1,6099.092156,0,0,0,0,1
-120.739483,7,6102.195808,0,0,1,0,0
37.939541,1,6102.532393,0,0,0,0,1
50.874461,2,6103.255612,0,0,1,0,0
8.884975,12,6105.486771,0,0,1,0,0
-108.16604,2,6106.021241,1,0,0,0,0
28.800053,1,6106.437477,0,0,0,0,1
656.110042,31,6113.374493,0,0,1,0,0
543.686208,25,6493.208631,0,0,1,0,0
198.341354,13,6503.063547,0,0,1,0,0
218.952297,29,6512.809896,0,0,1,0,0
260.829499,15,6868.693847,0,0,1,0,0
34.989079,1,6869.225021,0,0,1,0,0
714.494298,30,7266.017994,0,0,1,0,0
720.925,27,7281.831038,0,0,1,0,0
766.601178,39,7307.262393,0,0,1,0,0
12.767162,9,7308.494885,0,0,1,0,0
127.624806,13,7312.137397,0,0,1,0,0
25.713888,9,7313.146163,0,0,1,0,0
549.861208,22,7336.584535,0,0,1,0,0
37.93954,1,7336.909381,0,0,0,0,1
363.703521,18,7340.382341,0,0,1,0,0
274.75907,36,7362.893498,0,0,1,0,0
28.826743,1,7363.23221,0,0,0,0,1
-125.810094,5,7366.442089,0,0,1,0,0
22.432527,9,7367.385907,0,0,1,0,0
28.968284,1,7367.739595,0,0,0,0,1
-108.16604,2,7368.292034,1,0,0,0,0
28.778864,1,7368.714563,0,0,0,0,1
37.80893,1,7369.108269,0,0,0,0,1
851.731816,43,7377.573626,0,0,1,0,0
888.341098,34,7389.593552,1,0,0,0,0
858.692637,38,7414.802484,0,0,1,0,0
28.93954,1,7415.199189,0,0,0,0,1
509.165615,24,7421.890795,0,0,1,0,0
28.99729,1,7422.25457,0,0,0,0,1
1722.58736,69,7473.536557,0,0,1,0,0
-108.16604,2,7473.982105,1,0,0,0,0
28.874166,1,7474.484711,0,0,0,0,1
28.920203,1,7474.966766,0,0,0,0,1
37.931002,1,7475.360651,0,0,0,0,1
212.265145,11,7490.78509,0,0,1,0,0
28.859287,1,7491.185295,1,0,0,0,0
-140.999267,1,7494.727926,1,0,0,0,0
392.571528,19,7515.735927,0,0,1,0,0
28.859287,1,7516.062021,1,0,0,0,0
732.233105,32,7528.342076,0,0,1,0,0
137.533253,11,7530.934978,0,0,1,0,0
-140.999267,1,7534.477699,1,0,0,0,0
-108.16604,2,7534.971636,1,0,0,0,0
28.93954,1,7535.422856,0,0,0,0,1
509.174562,29,7540.984681,0,0,1,0,0
471.129458,1,7541.461473,0,0,1,0,0
1026.099811,52,7555.107617,0,0,1,0,0
-158.034737,4,7560.529576,0,0,1,0,0
28.947109,1,7560.943961,0,0,0,0,1
28.80893,1,7561.317574,0,0,0,0,1
28.778864,1,7561.723419,0,0,0,0,1
403.116981,22,7565.576029,0,0,1,0,0
28.800053,1,7565.876725,0,0,0,0,1
-126.986964,3,7567.538437,1,0,0,0,0
312.053673,16,7579.516299,0,0,1,0,0
729.000827,35,7585.582756,0,0,1,0,0
-121.717366,7,7594.813992,0,0,1,0,0
502.494303,30,7599.385377,0,0,1,0,0
318.382614,17,7616.089511,0,0,1,0,0
37.826742,1,7616.50593,0,0,0,0,1
-180.192737,5,7617.383876,0,0,1,0,0
17.102169,1,7619.574756,0,0,1,0,0
28.831123,1,7619.940617,0,0,0,0,1
28.931002,1,7620.343557,0,0,0,0,1
308.18576,16,7624.417754,0,0,1,0,0
28.99729,1,7624.758562,0,0,0,0,1
706.16413,32,7630.736505,0,0,1,0,0
28.931002,1,7631.119179,0,0,0,0,1
28.863408,1,7631.502657,0,0,0,0,1
613.139265,41,7641.52544,0,0,1,0,0
28.93954,1,7641.948681,0,0,0,0,1
64.22921,11,7645.563237,0,0,1,0,0
606.986733,27,7659.868137,1,0,0,0,0
474.562254,25,7665.472609,0,0,1,0,0
634.696501,29,7698.194311,0,0,1,0,0
91.934642,12,7702.215891,0,0,1,0,0
332.262588,19,7705.549832,0,0,1,0,0
13.626241,9,7706.790505,0,0,1,0,0
28.920203,1,7707.322358,0,0,0,0,1
523.792269,22,7720.888543,0,0,1,0,0
28.778864,1,7721.218109,0,0,0,0,1
111.136811,12,7724.26483,0,0,1,0,0
451.187333,22,7729.306875,0,0,1,0,0
455.212265,18,7748.291788,0,0,1,0,0
861.398996,36,7765.588187,0,0,1,0,0
1153.926455,29,7772.678819,0,0,1,0,0
28.859287,1,7773.018441,1,0,0,0,0
28.93954,1,7773.43433,0,0,0,0,1
28.931002,1,7773.895015,0,0,0,0,1
496.146141,25,7779.367184,1,0,0,0,0
-197.227523,8,7780.346554,0,0,1,0,0
-6.846413,8,7782.286366,0,0,1,0,0
291.81738,15,7793.595558,0,0,1,0,0
1174.579697,48,7804.265286,0,0,1,0,0
-188.764995,5,7806.664072,0,0,1,0,0
542.435217,25,7811.838521,0,0,1,0,0
28.800053,1,7812.344259,0,0,0,0,1
28.93954,1,7812.720794,0,0,0,0,1
505.196002,33,7819.455493,0,0,1,0,0
28.778864,1,7819.780038,0,0,0,0,1
37.939539,1,7820.210111,0,0,0,0,1
28.778864,1,7820.617083,0,0,0,0,1
37.99729,1,7820.981909,0,0,0,0,1
487.881733,1,7821.510429,0,0,1,0,0
909.525061,45,7838.621392,1,0,0,0,0
28.82862,1,7839.026097,0,0,0,0,1
115.983742,13,7841.749251,0,0,1,0,0
478.90969,1,7842.252181,0,0,1,0,0
-125.877121,5,7845.393008,0,0,1,0,0
28.938687,1,7845.727718,0,0,0,0,1
28.931002,1,7846.149188,0,0,0,0,1
216.380942,16,7850.143232,0,0,1,0,0
-108.16604,2,7850.604897,1,0,0,0,0
37.863407,1,7851.067778,0,0,0,0,1
-123.870944,3,7912.198283,0,0,1,0,0
260.938862,16,7916.236653,0,0,1,0,0
-41.181515,7,7918.01604,0,0,1,0,0
458.155695,30,7930.19007,0,0,1,0,0
472.331767,21,7935.891335,0,0,1,0,0
37.863408,1,7936.297561,0,0,0,0,1
1028.863798,25,7941.911971,0,0,0,0,1
94.938881,11,7945.034474,0,0,1,0,0
28.859288,1,7945.416544,1,0,0,0,0
-124.137159,3,7948.995754,0,0,1,0,0
478.90969,1,7949.445845,0,0,1,0,0
328.48659,22,7954.139575,0,0,1,0,0
28.93954,1,7954.535412,0,0,0,0,1
28.863408,1,7954.959626,0,0,0,0,1
66.788758,13,7957.308574,0,0,1,0,0
-158.034737,4,7962.435838,0,0,1,0,0
28.99729,1,7962.73956,0,0,0,0,1
-223.793572,12,7964.79166,0,0,1,0,0
37.778864,1,7965.147475,0,0,0,0,1
478.888918,1,7965.599844,0,0,1,0,0
28.826743,1,7966.061054,0,0,0,0,1
478.90969,1,7966.536464,0,0,1,0,0
1782.13722,70,7989.848309,0,0,1,0,0
28.99729,1,7996.386537,0,0,0,0,1
37.93954,1,7996.811219,0,0,0,0,1
-127.714213,7,7999.977901,0,0,1,0,0
-153.616911,3,8005.181977,0,0,1,0,0
63.948209,11,8009.050718,0,0,1,0,0
28.778864,1,8009.484303,0,0,0,0,1
28.93954,1,8009.893223,0,0,0,0,1
28.859287,1,8010.305444,1,0,0,0,0
52.896753,2,8012.67277,0,0,1,0,0
428.972811,21,8030.814951,0,0,1,0,0
96.906055,11,8034.015765,0,0,1,0,0
28.778864,1,8034.475489,0,0,0,0,1
711.247195,34,8039.512007,0,0,1,0,0
28.938687,1,8039.871297,0,0,0,0,1
23.611898,1,8040.42423,0,0,1,0,0
478.846564,1,8040.76003,0,0,1,0,0
28.931002,1,8041.122882,0,0,0,0,1
630.360152,10,8043.864003,0,0,0,0,1
-9.626156,8,8045.046742,0,0,1,0,0
37.931001,1,8045.437063,0,0,0,0,1
28.93954,1,8045.825171,0,0,0,0,1
37.99729,1,8046.247807,0,0,0,0,1
546.997891,24,8057.750827,0,0,1,0,0
-122.372408,6,8059.357306,0,0,1,0,0
709.24386,34,8079.309015,0,0,1,0,0
165.993025,14,8082.530389,0,0,1,0,0
714.334127,42,8089.539303,0,0,1,0,0
222.504872,15,8091.936873,1,0,0,0,0
28.93954,1,8092.329957,0,0,0,0,1
-190.456682,9,8093.807462,0,0,1,0,0
219.857063,13,8097.310948,0,0,1,0,0
28.800053,1,8097.869712,0,0,0,0,1
28.826743,1,8098.305746,0,0,0,0,1
28.968284,1,8098.705909,0,0,0,0,1
-198.663258,8,8099.79619,0,0,1,0,0
-124.770581,3,8103.636682,0,0,1,0,0
37.93954,1,8104.001281,0,0,0,0,1
306.521299,17,8107.43389,0,0,1,0,0
118.859961,12,8116.666064,0,0,1,0,0
-206.565173,5,8119.610009,0,0,1,0,0
28.778864,1,8119.956789,0,0,0,0,1
28.99729,1,8120.359187,0,0,0,0,1
-124.49231,3,8124.268061,0,0,1,0,0
-139.730066,5,8127.455897,1,0,0,0,0
28.82862,1,8127.843006,0,0,0,0,1
37.93954,1,8128.270376,0,0,0,0,1
490.258371,21,8138.138534,0,0,1,0,0
-7.860076,8,8139.325282,0,0,1,0,0
36.149817,10,8144.094117,0,0,1,0,0
321.393201,17,8148.072832,0,0,1,0,0
17.077024,1,8150.289755,0,0,1,0,0
37.909529,1,8150.63009,0,0,0,0,1
623.458889,28,8166.597287,0,0,1,0,0
1254.147004,55,8197.573543,0,0,1,0,0
28.93954,1,8197.896821,0,0,0,0,1
28.920203,1,8198.422322,0,0,0,0,1
754.044197,38,8207.849229,0,0,1,0,0
144.295427,13,8211.973045,0,0,1,0,0
692.880735,29,8218.529584,1,0,0,0,0
28.99729,1,8218.872685,0,0,0,0,1
216.519854,17,8234.933986,0,0,1,0,0
28.778864,1,8235.258659,0,0,0,0,1
478.881733,1,8235.709511,0,0,1,0,0
28.778864,1,8236.056294,0,0,0,0,1
37.863408,1,8236.4798,0,0,0,0,1
-138.174947,5,8238.798051,0,0,1,0,0
28.93954,1,8239.115383,0,0,0,0,1
931.277936,39,8247.985109,0,0,1,0,0
28.863408,1,8248.365456,0,0,0,0,1
37.93954,1,8248.777599,0,0,0,0,1
212.960987,15,8258.480917,0,0,1,0,0
37.800053,1,8258.848946,0,0,0,0,1
28.920203,1,8259.364794,0,0,0,0,1
969.343611,36,8292.34332,0,0,1,0,0
28.826743,1,8292.737406,0,0,0,0,1
37.93954,1,8293.140155,0,0,0,0,1
17.077024,1,8295.441552,0,0,1,0,0
-137.715444,5,8297.834962,0,0,1,0,0
28.93954,1,8298.218433,0,0,0,0,1
28.826743,1,8298.69604,0,0,0,0,1
281.88843,16,8311.43054,0,0,1,0,0
37.909528,1,8311.825746,0,0,0,0,1
-206.527246,13,8313.757251,0,0,1,0,0
17.077024,1,8316.070178,0,0,1,0,0
487.881733,1,8316.485337,0,0,1,0,0
53.709983,8,8318.889375,0,0,1,0,0
-126.638568,5,8322.299954,0,0,1,0,0
185.467287,15,8325.529643,0,0,1,0,0
1282.554503,50,8387.062557,0,0,1,0,0
28.800053,1,8387.429105,0,0,0,0,1
-16.789694,6,8389.567801,0,0,1,0,0
28.93954,1,8389.987795,0,0,0,0,1
28.826743,1,8390.443319,0,0,0,0,1
926.61672,44,8400.19189,0,0,1,0,0
37.772049,10,8405.046167,0,0,1,0,0
37.93954,1,8405.479584,0,0,0,0,1
37.826743,1,8405.944955,0,0,0,0,1
28.778864,1,8406.376596,0,0,0,0,1
487.881734,1,8406.879751,0,0,1,0,0
-193.695831,9,8408.315626,0,0,1,0,0
28.800053,1,8408.655293,0,0,0,0,1
28.82862,1,8409.089273,0,0,0,0,1
28.800053,1,8409.490808,0,0,0,0,1
-198.663258,8,8410.492901,0,0,1,0,0
557.237484,23,8427.965259,0,0,1,0,0
37.778864,1,8428.319767,0,0,0,0,1
470.737511,22,8435.611348,1,0,0,0,0
480.129458,1,8436.09146,0,0,1,0,0
37.800053,1,8436.432884,0,0,0,0,1
28.859287,1,8436.847973,1,0,0,0,0
214.822024,11,8452.533531,0,0,1,0,0
208.027889,22,8477.681758,0,0,1,0,0
37.99729,1,8478.047219,0,0,0,0,1
28.863408,1,8478.47155,0,0,0,0,1
511.851988,29,8488.839611,0,0,1,0,0
225.168844,12,8503.710163,0,0,1,0,0
14.75249,9,8505.000128,0,0,1,0,0
276.743603,13,8521.586054,0,0,1,0,0
632.948,35,8530.099652,0,0,1,0,0
28.778864,1,8530.50412,0,0,0,0,1
478.881733,1,8531.003722,0,0,1,0,0
520.608736,24,8540.557201,0,0,1,0,0
-24.36898,7,8542.502391,0,0,1,0,0
28.93954,1,8542.950812,0,0,0,0,1
28.778864,1,8543.575761,0,0,0,0,1
2024.640297,79,8579.308838,0,0,1,0,0
648.393587,39,8585.42244,0,0,1,0,0
-148.296399,6,8589.678457,0,0,1,0,0
29.872184,10,8601.169858,0,0,1,0,0
37.826743,1,8601.602813,0,0,0,0,1
743.353652,34,8614.550415,0,0,1,0,0
877.120781,42,8630.544343,0,0,1,0,0
439.865986,23,8634.300452,0,0,1,0,0
28.82862,1,8634.631955,0,0,0,0,1
545.070098,25,8639.459266,1,0,0,0,0
817.653103,43,8649.668658,0,0,1,0,0
599.337777,30,8655.791665,0,0,1,0,0
28.778864,1,8656.201263,0,0,0,0,1
295.98829,16,8664.171734,0,0,1,0,0
28.800053,1,8664.554211,0,0,0,0,1
28.800053,1,8664.919307,0,0,0,0,1
37.99729,1,8665.325094,0,0,0,0,1
487.852828,1,8665.67197,0,0,1,0,0
28.931002,1,8666.070364,0,0,0,0,1
341.663483,17,8676.688015,0,0,1,0,0
107.701584,10,8685.75735,0,0,1,0,0
478.90969,1,8686.208857,0,0,1,0,0
25.988192,1,8686.761361,0,0,1,0,0
475.076098,21,8695.415782,0,0,1,0,0
1172.358699,47,8712.424014,1,0,0,0,0
17.261467,1,8713.176045,0,0,1,0,0
28.800053,1,8713.615333,0,0,0,0,1
37.997289,1,8714.035901,0,0,0,0,1
478.90969,1,8714.557027,0,0,1,0,0
28.875059,1,8715.027242,0,0,0,0,1
778.981847,36,8728.130179,0,0,1,0,0
28.99729,1,8728.757054,0,0,0,0,1
478.852829,1,8729.100112,0,0,1,0,0
23.611898,1,8729.521343,0,0,1,0,0
478.881733,1,8729.958327,0,0,1,0,0
334.937737,18,8737.802322,0,0,1,0,0
28.778864,1,8738.203592,0,0,0,0,1
471.129458,1,8738.751082,0,0,1,0,0
28.831123,1,8739.114792,0,0,0,0,1
487.888919,1,8739.567183,0,0,1,0,0
400.143796,18,8753.550488,0,0,1,0,0
331.985921,21,8758.757787,0,0,1,0,0
37.863408,1,8759.214587,0,0,0,0,1
-67.605215,4,8760.553483,0,0,1,0,0
28.863408,1,8760.925068,0,0,0,0,1
478.90969,1,8761.437121,0,0,1,0,0
-153.653359,3,8766.634337,0,0,1,0,0
28.859287,1,8766.943671,1,0,0,0,0
471.129458,1,8767.444516,0,0,1,0,0
52.896753,2,8769.856034,0,0,1,0,0
28.826743,1,8770.212477,0,0,0,0,1
802.53305,35,8787.948256,0,0,1,0,0
-196.844359,7,8789.000906,0,0,1,0,0
857.917165,41,8825.199139,0,0,1,0,0
1240.287963,54,8903.787624,0,0,1,0,0
638.151684,35,8913.726003,0,0,1,0,0
28.931002,1,8914.204572,0,0,0,0,1
266.897201,13,8935.236145,0,0,1,0,0
28.778864,1,8935.619786,0,0,0,0,1
229.886699,17,8950.808591,0,0,1,0,0
637.436676,35,8966.344365,0,0,1,0,0
28.938687,1,8966.85125,0,0,0,0,1
28.968284,1,8967.417424,0,0,0,0,1
-17.527194,6,8969.572357,0,0,1,0,0
28.826743,1,8969.999287,0,0,0,0,1
55.896149,11,8974.963444,0,0,1,0,0
28.93954,1,8975.300657,0,0,0,0,1
37.863408,1,8975.741691,0,0,0,0,1
524.338572,25,8983.269701,0,0,1,0,0
28.931002,1,8983.734622,0,0,0,0,1
28.863408,1,8984.150709,0,0,0,0,1
5.441162,9,8988.150126,0,0,1,0,0
28.920203,1,8988.662177,0,0,0,0,1
-188.263775,5,8991.167825,0,0,1,0,0
-122.506057,7,8994.100358,0,0,1,0,0
306.701885,17,9013.379912,0,0,1,0,0
28.931002,1,9013.809642,0,0,0,0,1
-122.506057,7,9017.145858,0,0,1,0,0
842.061769,42,9027.239288,0,0,1,0,0
28.99729,1,9027.641084,0,0,0,0,1
471.129458,1,9028.110507,0,0,1,0,0
37.800053,1,9028.524613,0,0,0,0,1
28.826743,1,9029.01828,0,0,0,0,1
667.412405,31,9035.620185,0,0,1,0,0
28.870738,1,9036.127301,0,0,0,0,1
487.881733,1,9036.604262,0,0,1,0,0
28.968284,1,9036.995936,0,0,0,0,1
478.773494,1,9037.682017,0,0,1,0,0
28.99729,1,9038.014822,0,0,0,0,1
202.30782,15,9042.7678,0,0,1,0,0
478.846564,1,9043.197761,0,0,1,0,0
516.819295,23,9048.493124,1,0,0,0,0
577.396532,26,9071.918248,0,0,1,0,0
601.463936,33,9080.481609,0,0,1,0,0
28.82862,1,9080.912893,0,0,0,0,1
29.929768,1,9081.545754,0,0,1,0,0
28.800053,1,9081.975441,0,0,0,0,1
28.93954,1,9082.379752,0,0,0,0,1
36.376957,10,9087.316005,0,0,1,0,0
28.93954,1,9087.76354,0,0,0,0,1
887.124423,41,9112.362005,0,0,1,0,0
17.077024,1,9114.804922,0,0,1,0,0
28.991637,1,9115.241361,0,0,0,0,1
-137.606449,5,9117.522167,0,0,1,0,0
550.039273,32,9122.933356,0,0,1,0,0
28.99729,1,9123.349185,0,0,0,0,1
28.778864,1,9123.765658,0,0,0,0,1
245.942303,13,9139.633211,0,0,1,0,0
499.018807,27,9144.995001,0,0,1,0,0
28.826743,1,9145.405248,0,0,0,0,1
918.127147,39,9164.516195,0,0,1,0,0
37.93954,1,9164.948285,0,0,0,0,1
-129.499842,4,9168.781556,0,0,1,0,0
-180.346522,5,9169.762342,0,0,1,0,0
634.087262,27,9181.166303,1,0,0,0,0
34.637882,2,9181.790808,0,0,1,0,0
-133.069238,4,9185.76392,0,0,1,0,0
-6.846413,8,9193.545681,0,0,1,0,0
891.875711,41,9215.147228,0,0,1,0,0
28.778864,1,9215.555634,0,0,0,0,1
1095.151361,46,9287.100946,0,0,1,0,0
118.502968,13,9297.46541,0,0,1,0,0
210.287755,13,9306.840907,0,0,1,0,0
414.92288,22,9311.559479,0,0,1,0,0
37.93954,1,9311.929453,0,0,0,0,1
415.285695,18,9319.136574,0,0,1,0,0
565.917648,27,9324.980413,0,0,1,0,0
681.581926,26,9337.004389,0,0,1,0,0
28.93954,1,9337.317995,0,0,0,0,1
1218.665823,61,9358.946812,0,0,1,0,0
478.773494,1,9359.515873,0,0,1,0,0
-124.392757,5,9362.952465,0,0,1,0,0
37.909529,1,9363.279176,0,0,0,0,1
478.90969,1,9363.797279,0,0,1,0,0
-205.000759,5,9366.690802,0,0,1,0,0
714.382728,37,9376.749457,0,0,1,0,0
80.922746,14,9379.367785,0,0,1,0,0
342.023241,15,9399.296151,0,0,1,0,0
22.442049,9,9400.485219,0,0,1,0,0
28.800053,1,9400.835944,0,0,0,0,1
37.863407,1,9401.299208,0,0,0,0,1
28.778864,1,9401.716919,0,0,0,0,1
218.625466,13,9405.230107,0,0,1,0,0
245.097961,16,9409.173133,0,0,1,0,0
28.859287,1,9409.555148,1,0,0,0,0
453.62989,24,9434.633179,0,0,1,0,0
478.90969,1,9435.170034,0,0,1,0,0
802.003512,31,9446.512032,0,0,1,0,0
-146.512341,6,9450.712623,0,0,1,0,0
478.90969,1,9451.193502,0,0,1,0,0
28.93954,1,9451.596196,0,0,0,0,1
37.93954,1,9452.036825,0,0,0,0,1
28.991637,1,9452.54152,0,0,0,0,1
695.565766,32,9459.925184,0,0,1,0,0
86.301828,12,9463.86774,0,0,1,0,0
118.780723,12,9467.452204,0,0,1,0,0
195.106056,14,9470.953392,0,0,1,0,0
54.85716,10,9473.062263,0,0,1,0,0
150.214352,11,9481.708866,0,0,1,0,0
28.931002,1,9482.06101,0,0,0,0,1
37.800053,1,9482.43808,0,0,0,0,1
28.93954,1,9482.850383,0,0,0,0,1
111.366061,13,9485.734337,0,0,1,0,0
28.93954,1,9486.15734,0,0,0,0,1
752.42649,35,9492.075989,0,0,1,0,0
28.778864,1,9492.438911,0,0,0,0,1
5.982512,9,9495.815809,0,0,1,0,0
28.831123,1,9496.259888,0,0,0,0,1
87.552348,12,9506.59676,0,0,1,0,0
478.881733,1,9507.127467,0,0,1,0,0
-137.668836,5,9509.416338,0,0,1,0,0
87.534523,14,9511.930885,0,0,1,0,0
-150.956357,7,9517.01919,0,0,1,0,0
62.181184,13,9519.310233,0,0,1,0,0
104.24266,11,9522.777595,0,0,1,0,0
28.968284,1,9523.30546,0,0,0,0,1
28.859287,1,9523.763717,1,0,0,0,0
492.647391,22,9530.523675,1,0,0,0,0
28.93954,1,9530.938397,0,0,0,0,1
37.931002,1,9531.338561,0,0,0,0,1
28.800053,1,9531.731701,0,0,0,0,1
-140.999267,1,9535.324048,1,0,0,0,0
478.846564,1,9535.694454,0,0,1,0,0
794.066857,38,9543.556874,0,0,1,0,0
28.931002,1,9543.865597,0,0,0,0,1
37.863408,1,9544.300735,0,0,0,0,1
468.695638,20,9567.055251,0,0,1,0,0
-16.227168,6,9569.082094,0,0,1,0,0
945.333033,43,9613.654669,0,0,1,0,0
-5.016548,8,9615.6891,0,0,1,0,0
24.458498,9,9616.890864,0,0,1,0,0
28.826743,1,9617.273205,0,0,0,0,1
37.800053,1,9617.680101,0,0,0,0,1
777.650056,39,9626.070511,0,0,1,0,0
37.800053,1,9626.432952,0,0,0,0,1
997.458026,53,9667.55757,0,0,1,0,0
471.129458,1,9668.106689,0,0,1,0,0
-198.663258,8,9669.054286,0,0,1,0,0
28.826743,1,9669.396062,0,0,0,0,1
17.261467,1,9670.118436,0,0,1,0,0
28.778864,1,9670.58444,0,0,0,0,1
28.875262,1,9671.119927,0,0,0,0,1
87.534523,14,9673.632959,0,0,1,0,0
1009.168008,37,9686.539791,0,0,1,0,0
-154.561185,6,9690.629639,0,0,1,0,0
28.99729,1,9690.928932,0,0,0,0,1
28.826743,1,9691.359933,0,0,0,0,1
-126.167029,7,9694.487427,0,0,1,0,0
28.800053,1,9694.796402,0,0,0,0,1
802.648229,38,9732.115843,0,0,1,0,0
261.329603,13,9753.089263,0,0,1,0,0
904.532237,20,9757.822575,0,0,0,0,1
1243.414552,50,9780.801436,0,0,1,0,0
153.520441,15,9795.281561,0,0,1,0,0
340.260399,21,9798.620391,0,0,1,0,0
224.788448,13,9808.248352,0,0,1,0,0
458.024047,23,9815.099066,0,0,1,0,0
666.843316,33,9829.585557,0,0,1,0,0
673.839507,30,9846.746057,0,0,1,0,0
37.863407,1,9847.1579,0,0,0,0,1
745.369286,33,9866.88651,0,0,1,0,0
28.947109,1,9867.369402,0,0,0,0,1
487.881733,1,9867.85538,0,0,1,0,0
460.133333,19,9887.996424,0,0,1,0,0
28.826743,1,9888.373707,0,0,0,0,1
222.504872,15,9890.925365,1,0,0,0,0
478.90969,1,9891.411086,0,0,1,0,0
37.863408,1,9891.837502,0,0,0,0,1
1042.769813,51,9909.660558,0,0,1,0,0
751.848822,36,9929.66685,0,0,1,0,0
629.187876,29,10028.971699,0,0,1,0,0
28.826743,1,10029.327202,0,0,0,0,1
28.863408,1,10029.737729,0,0,0,0,1
28.826743,1,10030.181399,0,0,0,0,1
672.746021,35,10044.429503,0,0,1,0,0
442.7478,18,10054.060618,0,0,1,0,0
781.040779,33,10060.766307,0,0,1,0,0
28.826743,1,10061.127847,0,0,0,0,1
478.881733,1,10061.626247,0,0,1,0,0
37.93954,1,10061.993031,0,0,0,0,1
-43.040555,7,10070.312418,0,0,1,0,0
706.604943,32,10090.189862,0,0,1,0,0
205.357636,13,10100.020376,0,0,1,0,0
28.968284,1,10100.400933,0,0,0,0,1
28.93954,1,10100.853269,0,0,0,0,1
28.99729,1,10101.276632,0,0,0,0,1
37.968284,1,10101.821167,0,0,0,0,1
28.931002,1,10102.311793,0,0,0,0,1
478.881733,1,10102.783899,0,0,1,0,0
75.641277,14,10105.272648,0,0,1,0,0
28.826743,1,10105.746074,0,0,0,0,1
28.931002,1,10106.15238,0,0,0,0,1
702.31432,30,10488.839274,0,0,1,0,0
28.859287,1,10489.151237,1,0,0,0,0
28.80893,1,10489.560929,0,0,0,0,1
37.931002,1,10489.989263,0,0,0,0,1
344.642637,17,10494.130175,0,0,1,0,0
-151.800564,7,10499.106073,0,0,1,0,0
37.93954,1,10499.452486,0,0,0,0,1
1405.801003,61,10526.027258,0,0,1,0,0
996.413928,44,10541.879644,0,0,1,0,0
37.800053,1,10542.275612,0,0,0,0,1
37.778864,1,10542.729765,0,0,0,0,1
478.852829,1,10543.102091,0,0,1,0,0
28.859288,1,10543.524196,1,0,0,0,0
28.99729,1,10543.94897,0,0,0,0,1
956.817935,46,10553.368071,0,0,1,0,0
-148.042071,6,10557.867336,0,0,1,0,0
28.931002,1,10558.225746,0,0,0,0,1
-8.925793,8,10559.541221,0,0,1,0,0
28.778864,1,10559.896969,0,0,0,0,1
37.778864,1,10560.336371,0,0,0,0,1
52.896753,2,10563.013398,0,0,1,0,0
28.859287,1,10563.345333,1,0,0,0,0
28.99729,1,10563.744667,0,0,0,0,1
745.149181,37,10571.956366,0,0,1,0,0
28.93954,1,10572.329844,0,0,0,0,1
1692.526555,65,10602.874144,0,0,1,0,0
545.164373,27,10609.863054,0,0,1,0,0
-137.497804,5,10612.210929,0,0,1,0,0
487.881733,1,10612.635981,0,0,1,0,0
28.778864,1,10612.989296,0,0,0,0,1
28.778864,1,10619.691638,0,0,0,0,1
718.554639,37,10641.203447,0,0,1,0,0
478.90969,1,10641.64771,0,0,1,0,0
-9.922558,8,10644.998699,0,0,1,0,0
-66.059937,7,10651.135807,0,0,1,0,0
23.614593,1,10651.532743,0,0,1,0,0
37.778865,1,10651.915054,0,0,0,0,1
487.888918,1,10652.366487,0,0,1,0,0
28.863408,1,10652.824348,0,0,0,0,1
28.826743,1,10653.262366,0,0,0,0,1
787.356996,34,10664.0534,1,0,0,0,0
37.778863,1,10664.477622,0,0,0,0,1
28.800053,1,10664.869615,0,0,0,0,1
639.513176,35,10673.265138,0,0,1,0,0
28.778864,1,10673.702143,0,0,0,0,1
698.025914,41,10696.382481,0,0,1,0,0
28.876542,1,10696.806012,0,0,0,0,1
564.351446,27,10702.455624,1,0,0,0,0
37.778865,1,10702.819485,0,0,0,0,1
1093.973541,43,10730.758471,0,0,1,0,0
-6.846413,8,10732.799919,0,0,1,0,0
37.800053,1,10733.222385,0,0,0,0,1
478.90969,1,10733.721845,0,0,1,0,0
-193.695831,9,10735.055889,0,0,1,0,0
28.778864,1,10735.370975,0,0,0,0,1
478.773494,1,10735.94025,0,0,1,0,0
37.826742,1,10736.344094,0,0,0,0,1
28.93954,1,10736.713013,0,0,0,0,1
899.399219,34,10784.168314,0,0,1,0,0
478.846564,1,10784.546168,0,0,1,0,0
50.876525,2,10785.23991,0,0,1,0,0
558.188804,32,10790.647707,0,0,1,0,0
37.93954,1,10791.062051,0,0,0,0,1
-196.752848,8,10792.096107,0,0,1,0,0
28.931002,1,10792.405496,0,0,0,0,1
28.826743,1,10792.807506,0,0,0,0,1
-148.296399,6,10797.029255,0,0,1,0,0
34.58955,2,10797.567314,0,0,1,0,0
28.800053,1,10797.900685,0,0,0,0,1
478.888918,1,10798.287665,0,0,1,0,0
478.846564,1,10798.725119,0,0,1,0,0
37.778864,1,10799.130317,0,0,0,0,1
37.93954,1,10799.535913,0,0,0,0,1
724.390252,36,10806.310571,0,0,1,0,0
284.080852,17,10810.971786,0,0,1,0,0
478.881733,1,10811.553185,0,0,1,0,0
357.343274,15,10838.315645,0,0,1,0,0
991.482857,42,10847.666552,0,0,1,0,0
55.470124,13,10850.328486,0,0,1,0,0
582.220593,26,10884.029779,1,0,0,0,0
28.82862,1,10884.385504,0,0,0,0,1
23.609746,1,10884.867651,0,0,1,0,0
-137.606449,5,10887.103427,0,0,1,0,0
883.943119,38,10895.315861,0,0,1,0,0
461.331429,22,10899.583827,0,0,1,0,0
28.831123,1,10899.961643,0,0,0,0,1
402.797902,20,10910.715602,0,0,1,0,0
906.455862,40,10921.6413,1,0,0,0,0
816.32056,43,10941.692131,0,0,1,0,0
478.846564,1,10942.087644,0,0,1,0,0
28.800053,1,10942.471339,0,0,0,0,1
668.926832,35,10951.73087,0,0,1,0,0
737.961737,13,10964.404565,0,0,0,0,1
-126.886339,3,10967.143963,0,0,1,0,0
478.846564,1,10967.451102,0,0,1,0,0
480.129458,1,10967.97107,0,0,1,0,0
478.881733,1,10968.406815,0,0,1,0,0
-140.97823,1,10971.958454,1,0,0,0,0
859.45928,33,10991.903271,1,0,0,0,0
28.920203,1,10992.396135,0,0,0,0,1
37.831123,1,10992.850004,0,0,0,0,1
65.100089,14,11002.161002,0,0,1,0,0
478.90969,1,11002.7042,0,0,1,0,0
37.93954,1,11003.100553,0,0,0,0,1
923.159866,39,11014.96067,0,0,1,0,0
-108.16604,2,11015.400853,1,0,0,0,0
671.848509,32,11021.562988,0,0,1,0,0
301.69252,19,11026.867495,0,0,1,0,0
28.863408,1,11027.315299,0,0,0,0,1
743.271309,33,11040.139847,0,0,1,0,0
28.931002,1,11040.608348,0,0,0,0,1
475.289493,25,11046.136433,1,0,0,0,0
252.483336,15,11056.246378,0,0,1,0,0
1541.688194,60,11083.457758,0,0,1,0,0
1120.967602,56,11109.87777,0,0,1,0,0
69.457465,11,11113.622397,0,0,1,0,0
63.729951,11,11117.536989,0,0,1,0,0
28.800053,1,11117.957348,0,0,0,0,1
28.778864,1,11118.411198,0,0,0,0,1
-140.999267,1,11122.047069,1,0,0,0,0
1033.570215,44,11138.274153,0,0,1,0,0
1097.046029,46,11150.74457,0,0,1,0,0
259.48688,14,11155.296341,0,0,1,0,0
37.931002,1,11155.787419,0,0,0,0,1
28.99729,1,11156.169758,0,0,0,0,1
28.826743,1,11156.641461,0,0,0,0,1
627.965177,28,11184.703568,0,0,1,0,0
17.077024,1,11187.096816,0,0,1,0,0
743.096049,39,11196.323222,1,0,0,0,0
28.800053,1,11196.771219,0,0,0,0,1
-27.094196,4,11198.072388,0,0,1,0,0
52.896753,2,11200.476226,0,0,1,0,0
28.931002,1,11200.79784,0,0,0,0,1
487.852829,1,11201.091875,0,0,1,0,0
28.968284,1,11201.496047,0,0,0,0,1
471.129458,1,11202.082509,0,0,1,0,0
28.931002,1,11202.436183,0,0,0,0,1
73.461901,11,11204.469577,0,0,1,0,0
208.346269,12,11213.073654,0,0,1,0,0
549.591314,27,11226.638843,1,0,0,0,0
28.93954,1,11226.952515,0,0,0,0,1
37.826743,1,11227.404097,0,0,0,0,1
371.922936,19,11242.309297,0,0,1,0,0
-108.16604,2,11242.750893,1,0,0,0,0
28.99729,1,11243.176626,0,0,0,0,1
37.82862,1,11243.642876,0,0,0,0,1
-11.161393,8,11246.649965,0,0,1,0,0
-198.663258,8,11247.658846,0,0,1,0,0
28.931002,1,11247.983035,0,0,0,0,1
28.826743,1,11248.406745,0,0,0,0,1
-108.16604,2,11248.872933,1,0,0,0,0
825.146651,17,11253.088416,0,0,0,0,1
37.931002,1,11253.549313,0,0,0,0,1
627.879777,27,11259.768719,0,0,1,0,0
-120.906698,6,11261.49628,0,0,1,0,0
1543.949354,70,11354.426334,0,0,1,0,0
37.93954,1,11354.838684,0,0,0,0,1
37.778864,1,11355.276695,0,0,0,0,1
28.800053,1,11355.72531,0,0,0,0,1
487.888919,1,11356.228272,0,0,1,0,0
37.800053,1,11356.662937,0,0,0,0,1
780.227106,33,11368.709448,1,0,0,0,0
37.968284,1,11369.160002,0,0,0,0,1
28.778864,1,11369.671893,0,0,0,0,1
1019.812998,39,11385.441782,0,0,1,0,0
28.977188,1,11385.840119,0,0,0,0,1
28.859287,1,11386.194343,1,0,0,0,0
-137.521266,5,11388.50446,0,0,1,0,0
-147.079585,7,11393.48483,0,0,1,0,0
28.99729,1,11393.824269,0,0,0,0,1
28.93954,1,11394.281433,0,0,0,0,1
-121.009247,6,11396.06211,0,0,1,0,0
658.890448,29,11406.237882,1,0,0,0,0
-67.549709,4,11407.497371,0,0,1,0,0
-158.034737,4,11412.6534,0,0,1,0,0
192.796883,13,11422.461652,0,0,1,0,0
-204.592391,5,11425.188934,0,0,1,0,0
-198.663258,8,11426.093333,0,0,1,0,0
-134.906579,4,11429.997957,0,0,1,0,0
37.931002,1,11430.360502,0,0,0,0,1
28.800053,1,11430.755559,0,0,0,0,1
491.083475,23,11435.416547,0,0,1,0,0
28.800053,1,11435.758177,0,0,0,0,1
-188.764995,5,11438.256693,0,0,1,0,0
494.539915,22,11447.577752,0,0,1,0,0
478.90969,1,11447.992016,0,0,1,0,0
28.99729,1,11448.366698,0,0,0,0,1
-135.170845,4,11452.376298,0,0,1,0,0
-122.103929,6,11453.922941,0,0,1,0,0
13.626241,9,11455.033884,0,0,1,0,0
478.846564,1,11455.427576,0,0,1,0,0
28.977188,1,11455.876487,0,0,0,0,1
734.426628,40,11462.180368,0,0,1,0,0
130.383277,13,11472.33079,0,0,1,0,0
978.205123,43,11493.178492,0,0,1,0,0
37.931,1,11493.531342,0,0,0,0,1
28.82862,1,11493.959196,0,0,0,0,1
28.800053,1,11494.371191,0,0,0,0,1
809.24993,36,11512.505578,0,0,1,0,0
87.534523,14,11514.934846,0,0,1,0,0
471.129458,1,11515.460881,0,0,1,0,0
641.599931,28,11521.278806,0,0,1,0,0
-127.003347,3,11523.936984,0,0,1,0,0
697.844861,25,11529.016624,0,0,1,0,0
37.968284,1,11529.465138,0,0,0,0,1
28.977188,1,11530.020921,0,0,0,0,1
597.428564,25,11557.038371,0,0,1,0,0
37.93954,1,11557.371001,0,0,0,0,1
480.129458,1,11557.93886,0,0,1,0,0
426.962783,20,11584.350188,0,0,1,0,0
471.129458,1,11584.778924,0,0,1,0,0
37.931001,1,11585.141044,0,0,0,0,1
-193.695831,9,11586.488636,0,0,1,0,0
222.061562,14,11939.673919,0,0,1,0,0
28.978757,1,11940.069579,0,0,0,0,1
-129.457848,4,11943.301755,0,0,1,0,0
28.99729,1,11943.574492,0,0,0,0,1
222.552094,13,11947.767406,0,0,1,0,0
-223.793572,12,11949.636992,0,0,1,0,0
922.323907,39,11965.0227,0,0,1,0,0
958.434114,41,11989.894571,0,0,1,0,0
478.846564,1,11990.237249,0,0,1,0,0
677.296021,33,11995.493571,0,0,1,0,0
50.877911,2,11996.153936,0,0,1,0,0
37.931003,1,11996.500407,0,0,0,0,1
37.93954,1,11996.890787,0,0,0,0,1
28.778864,1,11997.322065,0,0,0,0,1
-140.999267,1,12000.515645,1,0,0,0,0
28.826743,1,12000.853323,0,0,0,0,1
-42.370146,7,12002.545076,0,0,1,0,0
-157.206981,4,12007.004368,0,0,1,0,0
772.217128,31,12039.378951,0,0,1,0,0
28.931002,1,12039.735407,0,0,0,0,1
263.288133,15,12053.996708,0,0,1,0,0
1430.53365,59,12077.725434,0,0,1,0,0
28.968284,1,12078.088138,0,0,0,0,1
-200.936926,8,12079.096662,0,0,1,0,0
37.968284,1,12079.438958,0,0,0,0,1
28.978407,1,12079.956741,0,0,0,0,1
-153.95409,6,12083.652022,0,0,1,0,0
906.92614,36,12102.763859,0,0,1,0,0
28.826743,1,12103.070113,0,0,0,0,1
28.800053,1,12103.418228,0,0,0,0,1
767.338127,37,12115.792208,0,0,1,0,0
28.863408,1,12116.070017,0,0,0,0,1
52.896753,2,12118.315947,0,0,1,0,0
28.859285,1,12118.596906,1,0,0,0,0
169.683874,10,12123.188257,0,0,1,0,0
-6.846413,8,12124.946029,0,0,1,0,0
325.476827,24,12135.590639,0,0,1,0,0
787.540129,36,12150.301766,0,0,1,0,0
287.52867,17,12154.15842,0,0,1,0,0
827.898224,35,12162.23564,0,0,1,0,0
37.968284,1,12162.620244,0,0,0,0,1
736.424698,40,12171.303702,0,0,1,0,0
656.583478,31,12177.911135,0,0,1,0,0
496.522525,24,12183.009681,0,0,1,0,0
37.939539,1,12183.320408,0,0,0,0,1
-10.034793,8,12184.412587,0,0,1,0,0
-154.245234,6,12187.956377,0,0,1,0,0
28.931002,1,12188.242785,0,0,0,0,1
1002.397986,50,12197.047872,0,0,1,0,0
-154.125114,3,12201.474578,0,0,1,0,0
-0.82621,8,12202.377259,0,0,1,0,0
28.938687,1,12202.703663,0,0,0,0,1
332.428239,21,12211.907461,0,0,1,0,0
630.574731,10,12224.803078,0,0,0,0,1
28.863408,1,12225.174681,0,0,0,0,1
487.881733,1,12225.661534,0,0,1,0,0
800.687894,34,12235.356957,0,0,1,0,0
145.419471,11,12243.164618,0,0,1,0,0
534.346394,25,12253.768569,0,0,1,0,0
-188.764995,5,12255.947138,0,0,1,0,0
-140.999267,1,12259.067925,1,0,0,0,0
-122.506057,7,12261.775061,0,0,1,0,0
28.859287,1,12262.062052,1,0,0,0,0
28.82862,1,12262.449993,0,0,0,0,1
28.800053,1,12262.81275,0,0,0,0,1
478.846564,1,12263.181285,0,0,1,0,0
28.778864,1,12263.554701,0,0,0,0,1
471.129458,1,12264.04145,0,0,1,0,0
28.99729,1,12264.367871,0,0,0,0,1
87.534523,14,12266.69186,0,0,1,0,0
28.99729,1,12267.072954,0,0,0,0,1
28.859287,1,12267.448142,1,0,0,0,0
28.871312,1,12267.899881,0,0,0,0,1
861.880219,50,12278.503591,0,0,1,0,0
168.653748,11,12281.461169,0,0,1,0,0
-223.793572,12,12289.457592,0,0,1,0,0
527.701767,20,12300.638991,0,0,1,0,0
943.265773,45,12343.728952,0,0,1,0,0
1547.071964,60,12356.648997,0,0,1,0,0
205.131585,13,12365.535256,0,0,1,0,0
224.366449,26,12423.648379,0,0,1,0,0
127.356027,21,12436.745106,0,0,1,0,0
28.968284,1,12437.056494,0,0,0,0,1
123.056308,10,12448.457931,0,0,1,0,0
233.844939,13,12457.457554,0,0,1,0,0
28.93954,1,12457.811548,0,0,0,0,1
37.831123,1,12458.216624,0,0,0,0,1
34.664416,2,12458.792625,0,0,1,0,0
28.82862,1,12459.113485,0,0,0,0,1
28.931002,1,12459.460777,0,0,0,0,1
-178.958613,5,12460.209822,0,0,1,0,0
37.778863,1,12460.538522,0,0,0,0,1
807.145532,41,12467.914715,0,0,1,0,0
828.504336,37,12478.358118,0,0,1,0,0
314.260625,18,12483.245014,0,0,1,0,0
28.931002,1,12483.678006,0,0,0,0,1
61.879205,2,12485.710719,0,0,1,0,0
28.931002,1,12486.010009,0,0,0,0,1
37.99729,1,12486.390347,0,0,0,0,1
642.360199,53,12508.746586,0,0,1,0,0
471.129458,1,12509.165017,0,0,1,0,0
478.881733,1,12509.545383,0,0,1,0,0
28.977188,1,12509.938337,0,0,0,0,1
28.931002,1,12510.275228,0,0,0,0,1
478.888918,1,12510.671189,0,0,1,0,0
585.855612,29,12515.262659,0,0,1,0,0
28.826743,1,12515.58604,0,0,0,0,1
789.933177,34,12526.750436,0,0,1,0,0
862.246776,44,12543.922413,0,0,1,0,0
37.863408,1,12544.285447,0,0,0,0,1
-137.606449,5,12546.456701,0,0,1,0,0
28.991637,1,12546.871892,0,0,0,0,1
573.792875,28,12552.434508,1,0,0,0,0
-179.603445,5,12553.24931,0,0,1,0,0
28.863408,1,12553.557317,0,0,0,0,1
37.778864,1,12553.94729,0,0,0,0,1
314.189936,18,12558.735412,0,0,1,0,0
-124.0736,3,12562.463822,0,0,1,0,0
28.800053,1,12562.776718,0,0,0,0,1
26.264337,1,12563.427313,0,0,1,0,0
11.91074,9,12565.611243,0,0,1,0,0
28.93954,1,12566.05127,0,0,0,0,1
28.93954,1,12566.432109,0,0,0,0,1
295.312656,20,12584.888684,0,0,1,0,0
-124.087411,3,12588.487214,0,0,1,0,0
23.611898,1,12588.838844,0,0,1,0,0
28.831123,1,12589.181787,0,0,0,0,1
28.931002,1,12589.506637,0,0,0,0,1
517.241495,24,12600.794751,0,0,1,0,0
28.93954,1,12601.156866,0,0,0,0,1
551.586585,32,12606.951604,0,0,1,0,0
-42.271404,7,12608.592419,0,0,1,0,0
-25.637705,7,12610.132708,0,0,1,0,0
28.778864,1,12610.495499,0,0,0,0,1
195.697768,11,12627.941385,0,0,1,0,0
663.045331,31,12640.595704,0,0,1,0,0
37.997289,1,12640.914207,0,0,0,0,1
652.392036,30,12647.574121,0,0,1,0,0
28.991637,1,12647.94956,0,0,0,0,1
35.930557,10,12652.191087,0,0,1,0,0
52.896753,2,12654.427415,0,0,1,0,0
28.93954,1,12654.762111,0,0,0,0,1
288.001588,15,12659.801626,0,0,1,0,0
17.261467,1,12660.608143,0,0,1,0,0
37.931001,1,12661.038255,0,0,0,0,1
241.80411,14,12670.391018,0,0,1,0,0
88.891642,12,12673.565161,0,0,1,0,0
-153.529868,3,12678.226621,0,0,1,0,0
37.800053,1,12678.517215,0,0,0,0,1
-12.903835,8,12681.999399,0,0,1,0,0
28.931002,1,12682.370397,0,0,0,0,1
37.938687,1,12682.733994,0,0,0,0,1
480.129458,1,12683.143969,0,0,1,0,0
384.758559,20,12687.647707,0,0,1,0,0
225.462981,11,12697.796284,0,0,1,0,0
-129.406631,4,12701.328681,0,0,1,0,0
37.931002,1,12701.65738,0,0,0,0,1
443.916309,21,12706.517617,0,0,1,0,0
-133.081347,4,12710.223045,0,0,1,0,0
439.511285,20,12713.675411,0,0,1,0,0
-9.602355,8,12715.551168,0,0,1,0,0
28.826743,1,12716.047491,0,0,0,0,1
17.077024,1,12718.178823,0,0,1,0,0
480.129458,1,12718.599385,0,0,1,0,0
1486.852843,61,12741.339638,0,0,1,0,0
-223.793572,12,12743.115363,0,0,1,0,0
29.932684,1,12743.660295,0,0,1,0,0
-124.087411,3,12753.252711,0,0,1,0,0
480.129458,1,12753.648466,0,0,1,0,0
478.90969,1,12754.109121,0,0,1,0,0
-150.33972,6,12758.027006,0,0,1,0,0
405.055818,22,12762.413509,1,0,0,0,0
37.931002,1,12762.733077,0,0,0,0,1
28.93954,1,12763.074493,0,0,0,0,1
782.044271,35,12770.608635,0,0,1,0,0
827.81313,43,12779.970409,0,0,1,0,0
28.826743,1,12780.422951,0,0,0,0,1
1275.713875,70,12820.932286,0,0,1,0,0
478.846564,1,12821.230509,0,0,1,0,0
28.863408,1,12821.590834,0,0,0,0,1
237.009878,14,12836.195909,0,0,1,0,0
1780.463489,69,12882.402848,0,0,1,0,0
805.6258,34,12892.485773,0,0,1,0,0
786.926971,35,12912.003172,0,0,1,0,0
487.888919,1,12912.349911,0,0,1,0,0
28.778864,1,12912.769553,0,0,0,0,1
28.931002,1,12913.172828,0,0,0,0,1
785.630713,43,12920.23906,0,0,1,0,0
761.480586,32,12932.576102,1,0,0,0,0
28.931002,1,12932.971876,0,0,0,0,1
341.357239,17,12944.376425,0,0,1,0,0
-206.419339,5,12947.077893,0,0,1,0,0
632.106161,35,12954.689807,0,0,1,0,0
382.123027,20,12959.992965,0,0,1,0,0
753.768353,33,12971.987457,0,0,1,0,0
285.784267,18,12975.805492,0,0,1,0,0
230.018667,16,12989.878839,0,0,1,0,0
37.931002,1,12990.234753,0,0,0,0,1
-119.257722,7,12992.914275,0,0,1,0,0
-126.999021,3,12995.359683,0,0,1,0,0
418.732177,25,12999.896781,0,0,1,0,0
28.93954,1,13000.258415,0,0,0,0,1
360.086857,17,13010.800279,1,0,0,0,0
28.800053,1,13011.133305,0,0,0,0,1
34.364705,2,13011.701055,0,0,1,0,0
28.931002,1,13012.002745,0,0,0,0,1
37.800052,1,13012.359337,0,0,0,0,1
28.826743,1,13012.739071,0,0,0,0,1
28.778864,1,13013.09568,0,0,0,0,1
28.93954,1,13013.459757,0,0,0,0,1
1732.754275,78,13031.50634,0,0,1,0,0
37.800052,1,13031.893288,0,0,0,0,1
295.055874,15,13035.467968,0,0,1,0,0
863.855093,37,13049.239878,0,0,1,0,0
463.678252,21,13068.731223,0,0,1,0,0
478.881733,1,13069.116738,0,0,1,0,0
28.873836,1,13069.532021,0,0,0,0,1
471.129458,1,13069.984235,0,0,1,0,0
28.778864,1,13070.320805,0,0,0,0,1
614.048388,28,13077.69406,1,0,0,0,0
536.454087,25,13084.837981,0,0,1,0,0
588.45162,27,13097.531716,1,0,0,0,0
28.859287,1,13097.9629,1,0,0,0,0
37.931002,1,13098.340356,0,0,0,0,1
28.968284,1,13098.773715,0,0,0,0,1
826.074525,37,13120.290087,0,0,1,0,0
-128.012377,6,13123.313572,0,0,1,0,0
942.602101,43,13136.613424,0,0,1,0,0
40.479981,10,13137.860816,0,0,1,0,0
-42.676348,7,13139.443189,0,0,1,0,0
762.591536,45,13172.315807,0,0,1,0,0
-16.179521,6,13174.239589,0,0,1,0,0
28.938687,1,13174.629902,0,0,0,0,1
21.508715,9,13175.729391,0,0,1,0,0
-232.219912,12,13177.571135,0,0,1,0,0
383.112231,18,13196.753221,0,0,1,0,0
28.931002,1,13197.09282,0,0,0,0,1
37.863408,1,13197.472093,0,0,0,0,1
1563.105691,61,13209.041559,0,0,1,0,0
28.931002,1,13209.335147,0,0,0,0,1
-140.999267,1,13212.462833,1,0,0,0,0
28.800053,1,13212.782673,0,0,0,0,1
28.968284,1,13213.152145,0,0,0,0,1
28.968284,1,13213.565821,0,0,0,0,1
65.100089,14,13216.030584,0,0,1,0,0
-9.626156,8,13217.255639,0,0,1,0,0
28.978726,1,13217.718004,0,0,0,0,1
189.652466,20,13228.445819,0,0,1,0,0
984.158116,48,13242.643233,0,0,1,0,0
650.233512,35,13252.649379,0,0,1,0,0
194.532386,12,13265.327069,0,0,1,0,0
526.592145,21,13285.435261,0,0,1,0,0
478.888918,1,13285.736677,0,0,1,0,0
28.826743,1,13286.18275,0,0,0,0,1
28.826743,1,13286.55825,0,0,0,0,1
841.86923,39,13298.172936,0,0,1,0,0
28.99729,1,13298.590926,0,0,0,0,1
-142.970571,5,13301.443372,1,0,0,0,0
1786.45543,84,13328.390112,0,0,1,0,0
-124.087411,3,13331.732268,0,0,1,0,0
123.947192,15,13334.277304,0,0,1,0,0
28.99729,1,13334.632126,0,0,0,0,1
764.395468,14,13346.301816,0,0,0,0,1
37.800054,1,13346.687547,0,0,0,0,1
36.01494,10,13350.828834,0,0,1,0,0
28.977188,1,13351.258307,0,0,0,0,1
28.931002,1,13351.597044,0,0,0,0,1
28.800053,1,13351.944822,0,0,0,0,1
-126.591498,3,13353.472715,1,0,0,0,0
-126.999021,3,13355.770295,0,0,1,0,0
172.796806,15,13359.298325,0,0,1,0,0
478.846564,1,13359.642996,0,0,1,0,0
28.778864,1,13359.972941,0,0,0,0,1
-139.003924,6,13362.705382,0,0,1,0,0
-153.363267,6,13366.403056,0,0,1,0,0
-206.567437,5,13368.860629,0,0,1,0,0
321.186045,17,13379.72136,0,0,1,0,0
-136.801067,4,13383.178272,0,0,1,0,0
222.504872,15,13385.33347,1,0,0,0,0
28.93954,1,13385.652644,0,0,0,0,1
177.877838,12,13388.729209,0,0,1,0,0
37.99729,1,13389.028221,0,0,0,0,1
-122.103929,6,13390.548121,0,0,1,0,0
450.767549,30,13396.076613,0,0,1,0,0
37.968284,1,13396.505513,0,0,0,0,1
518.194573,26,13407.442863,0,0,1,0,0
487.881734,1,13407.835207,0,0,1,0,0
935.819992,40,13436.129873,0,0,1,0,0
-73.416472,7,13441.153765,0,0,1,0,0
631.210176,26,13446.913396,0,0,1,0,0
820.270147,36,13468.347307,0,0,1,0,0
296.035661,20,13472.698338,0,0,1,0,0
1179.873784,51,13490.188599,0,0,1,0,0
618.308281,32,13495.759909,1,0,0,0,0
34.525542,2,13496.304543,0,0,1,0,0
549.53046,21,13518.977411,0,0,1,0,0
-211.997985,15,13527.599318,0,0,1,0,0
-9.626156,8,13528.745849,0,0,1,0,0
28.778864,1,13529.101332,0,0,0,0,1
37.800053,1,13529.522857,0,0,0,0,1
-150.647364,6,13533.26336,0,0,1,0,0
637.296342,31,13541.34757,0,0,1,0,0
28.800053,1,13541.69009,0,0,0,0,1
478.773494,1,13542.121193,0,0,1,0,0
704.453302,32,13549.113044,0,0,1,0,0
28.82862,1,13549.437673,0,0,0,0,1
762.695918,38,13560.646156,0,0,1,0,0
-116.103418,7,13563.299692,0,0,1,0,0
28.863408,1,13563.586203,0,0,0,0,1
1013.255768,57,13576.359898,1,0,0,0,0
478.881733,1,13576.727444,0,0,1,0,0
517.334923,24,13586.784651,0,0,1,0,0
-158.461419,4,13591.305,0,0,1,0,0
487.881734,1,13591.633191,0,0,1,0,0
455.736829,21,13609.182431,0,0,1,0,0
37.800053,1,13609.457411,0,0,0,0,1
-42.257012,7,13611.231071,0,0,1,0,0
28.947109,1,13611.694304,0,0,0,0,1
28.99729,1,13612.0343,0,0,0,0,1
-6.846413,8,13613.902061,0,0,1,0,0
37.938687,1,13614.377556,0,0,0,0,1
41.877765,2,13615.075277,0,0,1,0,0
57.538256,14,13617.580118,0,0,1,0,0
-129.665717,4,13620.959819,0,0,1,0,0
1109.679162,43,13630.118259,0,0,1,0,0
28.82862,1,13630.509969,0,0,0,0,1
28.93954,1,13630.877531,0,0,0,0,1
-16.485285,8,13634.194596,0,0,1,0,0
28.99729,1,13634.561934,0,0,0,0,1
832.460171,35,13654.496403,0,0,1,0,0
37.800053,1,13654.768768,0,0,0,0,1
478.881733,1,13655.259261,0,0,1,0,0
65.100089,14,13657.795486,0,0,1,0,0
571.936076,30,13664.721429,0,0,1,0,0
487.881733,1,13665.244225,0,0,1,0,0
-127.00924,6,13668.404412,0,0,1,0,0
117.427059,10,13675.384855,0,0,1,0,0
327.796388,21,13685.255485,0,0,1,0,0
780.465047,35,13692.012937,0,0,1,0,0
28.93954,1,13692.398237,0,0,0,0,1
471.129458,1,13692.779342,0,0,1,0,0
28.93954,1,13693.081391,0,0,0,0,1
794.530183,33,13707.628476,0,0,1,0,0
478.881733,1,13707.997453,0,0,1,0,0
28.778864,1,13708.303629,0,0,0,0,1
28.800053,1,13708.692884,0,0,0,0,1
558.722299,35,13717.265836,1,0,0,0,0
28.931002,1,13717.559176,0,0,0,0,1
28.826743,1,13717.901698,0,0,0,0,1
-129.190977,6,13721.000101,0,0,1,0,0
478.852829,1,13721.219908,0,0,1,0,0
28.93954,1,13721.567045,0,0,0,0,1
28.931002,1,13721.90696,0,0,0,0,1
52.896753,2,13724.091473,0,0,1,0,0
977.765317,57,13738.044946,0,0,1,0,0
53.549015,11,13742.37264,0,0,1,0,0
34.744581,10,13743.632593,0,0,1,0,0
-153.527846,3,13748.29916,0,0,1,0,0
28.99729,1,13748.58764,0,0,0,0,1
37.778864,1,13748.987266,0,0,0,0,1
478.881733,1,13749.411825,0,0,1,0,0
610.417556,31,13755.769509,0,0,1,0,0
195.697225,10,13765.154469,0,0,1,0,0
-57.895437,8,13770.634337,0,0,1,0,0
28.977188,1,13771.074201,0,0,0,0,1
28.863408,1,13771.440238,0,0,0,0,1
701.962642,33,13777.043137,0,0,1,0,0
323.868585,23,13785.444412,1,0,0,0,0
28.778864,1,13791.131606,0,0,0,0,1
53.082583,10,13793.009336,0,0,1,0,0
478.846564,1,13793.325814,0,0,1,0,0
440.064905,20,13800.561285,0,0,1,0,0
1070.904211,51,13821.148038,0,0,1,0,0
480.129458,1,13821.465199,0,0,1,0,0
28.859287,1,13821.775095,1,0,0,0,0
-7.671953,8,13823.71651,0,0,1,0,0
515.071298,21,13843.582212,0,0,1,0,0
418.888489,21,13848.432687,1,0,0,0,0
37.778864,1,13848.864744,0,0,0,0,1
763.738307,14,13860.666347,0,0,1,0,0
28.831123,1,13861.030588,0,0,0,0,1
28.931002,1,13861.386655,0,0,0,0,1
633.310461,29,13869.623956,0,0,1,0,0
222.539987,13,13873.565259,0,0,1,0,0
28.800053,1,13873.954284,0,0,0,0,1
37.778862,1,13874.329301,0,0,0,0,1
28.99729,1,13874.675561,0,0,0,0,1
-129.312562,4,13878.026915,0,0,1,0,0
609.027081,27,13886.685357,1,0,0,0,0
141.752841,14,13889.861148,0,0,1,0,0
467.515229,19,13898.043493,0,0,1,0,0
309.32867,15,13905.480015,0,0,1,0,0
28.93954,1,13905.820031,0,0,0,0,1
28.99729,1,13906.212419,0,0,0,0,1
28.93954,1,13906.598393,0,0,0,0,1
478.881733,1,13913.207098,0,0,1,0,0
956.139401,40,13927.918456,0,0,1,0,0
-140.999267,1,13930.960439,1,0,0,0,0
28.859287,1,13931.350583,1,0,0,0,0
478.846564,1,13931.762455,0,0,1,0,0
-151.800564,7,13935.967238,0,0,1,0,0
37.800053,1,13936.252975,0,0,0,0,1
28.778864,1,13936.59108,0,0,0,0,1
23.611528,1,13937.057511,0,0,1,0,0
478.90969,1,13937.494884,0,0,1,0,0
28.800053,1,13937.830945,0,0,0,0,1
1099.24067,46,13947.083161,0,0,1,0,0
-67.516277,4,13948.162582,0,0,1,0,0
28.831123,1,13948.501511,0,0,0,0,1
-9.626156,8,13949.619317,0,0,1,0,0
37.831123,1,13950.02339,0,0,0,0,1
28.778864,1,13950.425011,0,0,0,0,1
582.997066,33,13956.969413,0,0,1,0,0
-158.336459,4,13961.578773,0,0,1,0,0
23.513941,9,13962.428499,0,0,1,0,0
478.881733,1,13962.777017,0,0,1,0,0
471.129458,1,13963.194993,0,0,1,0,0
547.660855,25,13968.611929,0,0,1,0,0
901.861789,43,13978.132898,0,0,1,0,0
37.931002,1,13978.483727,0,0,0,0,1
118.575345,8,13985.617896,0,0,1,0,0
-153.971439,3,13989.906411,0,0,1,0,0
28.99729,1,13990.198839,0,0,0,0,1
525.753269,25,13996.191826,0,0,1,0,0
28.99729,1,13996.503845,0,0,0,0,1
-64.120653,6,14001.435696,0,0,1,0,0
968.90289,44,14021.700748,1,0,0,0,0
487.881733,1,14022.131757,0,0,1,0,0
478.881733,1,14022.502259,0,0,1,0,0
478.881733,1,14022.894607,0,0,1,0,0
37.831123,1,14023.289366,0,0,0,0,1
37.931002,1,14023.6856,0,0,0,0,1
28.800053,1,14024.042461,0,0,0,0,1
28.800053,1,14024.365678,0,0,0,0,1
371.132348,16,14041.149676,0,0,1,0,0
28.800053,1,14041.449744,0,0,0,0,1
940.155978,38,14060.936009,0,0,1,0,0
1003.854398,42,14072.430633,1,0,0,0,0
28.93954,1,14072.724021,0,0,0,0,1
37.931001,1,14073.15509,0,0,0,0,1
478.90969,1,14073.583909,0,0,1,0,0
28.826743,1,14073.951656,0,0,0,0,1
28.93954,1,14074.316435,0,0,0,0,1
749.537942,35,14081.664724,0,0,1,0,0
480.129458,1,14082.063447,0,0,1,0,0
766.397117,32,14093.298752,1,0,0,0,0
604.038589,26,14104.238496,0,0,1,0,0
563.368844,27,14118.512842,0,0,1,0,0
28.93954,1,14118.8772,0,0,0,0,1
55.875594,13,14121.14764,0,0,1,0,0
505.084902,23,14131.45034,0,0,1,0,0
-120.897355,6,14132.922159,0,0,1,0,0
426.77987,29,14138.448654,0,0,1,0,0
471.129458,1,14138.958046,0,0,1,0,0
1000.517654,41,14156.972077,0,0,1,0,0
28.800053,1,14157.304079,0,0,0,0,1
1358.781549,53,14175.050597,0,0,1,0,0
412.92572,18,14178.778029,0,0,1,0,0
328.557418,14,14189.726354,0,0,1,0,0
487.854918,22,14209.824198,0,0,1,0,0
28.778864,1,14210.154977,0,0,0,0,1
28.800053,1,14210.513547,0,0,0,0,1
685.25159,33,14220.199514,0,0,1,0,0
-9.769046,8,14221.409017,0,0,1,0,0
37.931002,1,14221.736631,0,0,0,0,1
28.778864,1,14222.127057,0,0,0,0,1
37.778864,1,14222.525763,0,0,0,0,1
153.169808,9,14228.135252,0,0,1,0,0
467.94833,21,14241.515299,0,0,1,0,0
28.931002,1,14241.93148,0,0,0,0,1
478.846564,1,14242.257309,0,0,1,0,0
28.859287,1,14242.612605,1,0,0,0,0
478.90969,1,14243.062156,0,0,1,0,0
1081.287325,45,14257.328223,0,0,1,0,0
478.90969,1,14257.78705,0,0,1,0,0
271.962208,13,14271.927008,0,0,1,0,0
37.826743,1,14272.289508,0,0,0,0,1
28.920203,1,14272.740428,0,0,0,0,1
28.800053,1,14273.049338,0,0,0,0,1
386.532445,21,14293.168685,0,0,1,0,0
28.93954,1,14293.574038,0,0,0,0,1
628.508759,28,14301.800227,0,0,1,0,0
705.278088,33,14315.561135,0,0,1,0,0
478.881733,1,14316.063283,0,0,1,0,0
28.826743,1,14316.41266,0,0,0,0,1
885.941881,34,14326.671484,0,0,1,0,0
37.99729,1,14327.175084,0,0,0,0,1
478.888918,1,14327.583851,0,0,1,0,0
720.794903,35,14348.539785,0,0,1,0,0
618.929857,29,14361.78023,0,0,1,0,0
667.063823,30,14365.72616,0,0,1,0,0
28.877257,1,14366.169141,0,0,0,0,1
215.71064,15,14369.580284,0,0,1,0,0
478.773494,1,14370.040555,0,0,1,0,0
28.977188,1,14370.423098,0,0,0,0,1
28.93954,1,14370.772309,0,0,0,0,1
37.778864,1,14371.164394,0,0,0,0,1
-126.996194,3,14372.492221,1,0,0,0,0
37.826743,1,14372.810735,0,0,0,0,1
28.863408,1,14373.200327,0,0,0,0,1
53.323021,10,14374.963829,0,0,1,0,0
1109.598784,48,14390.593465,0,0,1,0,0
1774.636643,108,14450.730049,0,0,1,0,0
873.365853,41,14458.817653,0,0,1,0,0
594.1576,23,14470.262232,0,0,1,0,0
8.141887,9,14473.848428,0,0,1,0,0
-188.727347,9,14475.082292,0,0,1,0,0
28.99729,1,14475.335818,0,0,0,0,1
-188.958991,5,14477.472762,0,0,1,0,0
28.778864,1,14477.789493,0,0,0,0,1
28.920203,1,14478.242413,0,0,0,0,1
275.141598,15,14482.552774,0,0,1,0,0
28.99729,1,14482.958285,0,0,0,0,1
117.299492,12,14486.101084,0,0,1,0,0
504.965327,24,14514.710935,0,0,1,0,0
409.249901,18,14524.126165,0,0,1,0,0
620.015584,27,14530.100192,0,0,1,0,0
654.257528,34,14554.366472,0,0,1,0,0
478.90969,1,14554.721116,0,0,1,0,0
37.863408,1,14555.091996,0,0,0,0,1
-153.527846,3,14559.537393,0,0,1,0,0
28.93954,1,14559.856473,0,0,0,0,1
37.778864,1,14560.25505,0,0,0,0,1
622.467517,29,14913.957273,0,0,1,0,0
222.504872,15,14916.295971,1,0,0,0,0
778.288707,34,14950.885091,0,0,1,0,0
28.800053,1,14951.181452,0,0,0,0,1
-157.259393,4,14955.730232,0,0,1,0,0
723.051863,40,14964.923337,0,0,1,0,0
149.68586,11,14968.156395,0,0,1,0,0
478.773494,1,14968.676776,0,0,1,0,0
-13.027263,8,14971.784071,0,0,1,0,0
28.800053,1,14972.106376,0,0,0,0,1
-206.115615,5,14974.660901,0,0,1,0,0
-156.506891,6,14978.241117,0,0,1,0,0
37.778864,1,14978.548124,0,0,0,0,1
478.90969,1,14979.000903,0,0,1,0,0
340.260399,21,14982.137991,0,0,1,0,0
-197.399531,8,14989.896391,0,0,1,0,0
478.881733,1,14990.320807,0,0,1,0,0
23.611898,1,14990.651106,0,0,1,0,0
-71.91794,7,14996.049498,0,0,1,0,0
28.931002,1,14996.397595,0,0,0,0,1
180.114056,14,14999.205081,0,0,1,0,0
37.991637,1,14999.624804,0,0,0,0,1
23.611898,1,15000.010285,0,0,1,0,0
261.515223,14,15002.33367,1,0,0,0,0
660.872597,11,15015.309893,0,0,0,0,1
28.931002,1,15015.671863,0,0,0,0,1
340.260399,21,15018.839133,0,0,1,0,0
28.99729,1,15019.199764,0,0,0,0,1
511.924203,21,15042.882396,0,0,1,0,0
478.846564,1,15043.215856,0,0,1,0,0
-6.846413,8,15044.9532,0,0,1,0,0
28.778864,1,15045.37273,0,0,0,0,1
-122.506057,7,15048.076266,0,0,1,0,0
28.931002,1,15048.364302,0,0,0,0,1
28.859287,1,15048.71447,1,0,0,0,0
28.800053,1,15049.078577,0,0,0,0,1
673.856681,33,15066.427728,0,0,1,0,0
1016.868293,47,15077.716172,0,0,1,0,0
-122.388516,6,15079.106932,0,0,1,0,0
-6.18537,8,15080.901559,0,0,1,0,0
37.778863,1,15081.402796,0,0,0,0,1
478.846564,1,15081.702584,0,0,1,0,0
28.99729,1,15082.044076,0,0,0,0,1
875.483506,38,15109.01307,0,0,1,0,0
662.769263,31,15115.632399,0,0,1,0,0
-15.247267,6,15117.512772,0,0,1,0,0
28.800053,1,15117.876912,0,0,0,0,1
28.778864,1,15118.265894,0,0,0,0,1
624.350339,35,15126.072947,0,0,1,0,0
28.99729,1,15126.400774,0,0,0,0,1
-154.226652,3,15131.062887,0,0,1,0,0
37.931002,1,15131.364856,0,0,0,0,1
165.05262,11,15139.003547,0,0,1,0,0
-139.408684,5,15141.699459,1,0,0,0,0
382.421796,18,15145.16557,0,0,1,0,0
1005.422166,43,15159.683809,1,0,0,0,0
28.931002,1,15160.036546,0,0,0,0,1
707.510787,49,15176.535144,0,0,1,0,0
1892.166596,68,15225.740522,0,0,1,0,0
28.93954,1,15226.053054,0,0,0,0,1
537.998246,22,15236.908173,1,0,0,0,0
736.808089,32,15254.372656,0,0,1,0,0
37.800053,1,15254.7081,0,0,0,0,1
-140.999267,1,15257.753592,1,0,0,0,0
286.785102,19,15261.341486,0,0,1,0,0
190.943118,11,15269.490476,0,0,1,0,0
99.377633,11,15272.459675,0,0,1,0,0
198.144891,12,15280.67113,0,0,1,0,0
685.256797,42,15289.402259,0,0,1,0,0
630.258393,9,15291.538041,0,0,0,0,1
28.831123,1,15291.902522,0,0,0,0,1
37.93954,1,15292.269718,0,0,0,0,1
28.93954,1,15292.653295,0,0,0,0,1
-126.999021,3,15295.071494,0,0,1,0,0
-108.16604,2,15295.426319,1,0,0,0,0
466.146246,21,15306.046472,0,0,1,0,0
28.800053,1,15306.393851,0,0,0,0,1
314.97925,17,15312.76736,0,0,1,0,0
189.925153,15,15316.531225,0,0,1,0,0
37.991637,1,15316.966301,0,0,0,0,1
28.931002,1,15317.261145,0,0,0,0,1
765.856727,34,15323.853998,0,0,1,0,0
282.929102,13,15335.536553,0,0,1,0,0
28.863408,1,15335.910271,0,0,0,0,1
621.643949,10,15338.616308,0,0,0,0,1
5.982512,9,15341.620751,0,0,1,0,0
28.873836,1,15342.10615,0,0,0,0,1
37.800053,1,15342.468844,0,0,0,0,1
478.888918,1,15342.836684,0,0,1,0,0
269.829902,15,15695.891408,0,0,1,0,0
523.717522,33,15702.73689,0,0,1,0,0
478.881733,1,15703.190914,0,0,1,0,0
-72.035821,7,15708.426746,0,0,1,0,0
28.82862,1,15708.72752,0,0,0,0,1
478.846564,1,15709.097268,0,0,1,0,0
28.968284,1,15709.500889,0,0,0,0,1
28.826743,1,15709.949085,0,0,0,0,1
478.881733,1,15710.424963,0,0,1,0,0
37.931002,1,15710.778662,0,0,0,0,1
28.931002,1,15711.11953,0,0,0,0,1
-72.03449,7,15716.104385,0,0,1,0,0
28.831123,1,15716.421075,0,0,0,0,1
-72.879304,7,15721.577637,0,0,1,0,0
28.82862,1,15721.92821,0,0,0,0,1
28.800053,1,15722.319216,0,0,0,0,1
28.826743,1,15722.724122,0,0,0,0,1
652.977331,31,15728.252994,0,0,1,0,0
-12.91113,8,15729.478798,0,0,1,0,0
1011.472189,43,15748.762578,0,0,1,0,0
28.968284,1,15749.152089,0,0,0,0,1
28.99729,1,15749.574625,0,0,0,0,1
299.711918,15,15767.734226,0,0,1,0,0
28.863408,1,15768.103516,0,0,0,0,1
28.826743,1,15768.495699,0,0,0,0,1
52.664369,10,15770.286116,0,0,1,0,0
28.778864,1,15770.630499,0,0,0,0,1
-154.561185,6,15774.392851,0,0,1,0,0
478.888918,1,15774.735977,0,0,1,0,0
-126.999021,3,15777.036861,0,0,1,0,0
659.503128,29,15783.102463,0,0,1,0,0
602.087279,13,15786.187986,0,0,0,0,1
28.931002,1,15786.537789,0,0,0,0,1
28.93954,1,15786.894014,0,0,0,0,1
37.826743,1,15787.294282,0,0,0,0,1
28.99729,1,15787.669468,0,0,0,0,1
50.87941,2,15788.382563,0,0,1,0,0
28.99729,1,15788.728184,0,0,0,0,1
28.778864,1,15789.135082,0,0,0,0,1
28.826743,1,15789.54934,0,0,0,0,1
771.778707,33,15808.479644,0,0,1,0,0
1039.220357,48,15846.595817,0,0,1,0,0
554.99283,28,15853.335782,1,0,0,0,0
389.067152,22,15857.323591,0,0,1,0,0
471.129458,1,15857.696697,0,0,1,0,0
478.846564,1,15864.093647,0,0,1,0,0
654.654637,28,15875.965057,0,0,1,0,0
508.269169,26,15881.632967,1,0,0,0,0
28.93954,1,15882.002187,0,0,0,0,1
633.018313,10,15894.847006,0,0,0,0,1
-135.219478,4,15898.508628,0,0,1,0,0
236.706698,15,15902.480556,0,0,1,0,0
1586.001655,68,15946.71376,0,0,1,0,0
478.90969,1,15947.277433,0,0,1,0,0
838.751543,35,15988.463274,0,0,1,0,0
95.82642,12,15991.67807,0,0,1,0,0
652.123653,32,15998.32899,0,0,1,0,0
-16.171396,6,16000.174585,0,0,1,0,0
1167.344843,47,16020.964946,0,0,1,0,0
37.863409,1,16021.446172,0,0,0,0,1
28.968284,1,16021.825607,0,0,0,0,1
816.233856,40,16029.364469,0,0,1,0,0
555.383237,23,16034.305869,0,0,1,0,0
478.881733,1,16034.746481,0,0,1,0,0
28.93954,1,16035.078118,0,0,0,0,1
-140.999267,1,16038.243481,1,0,0,0,0
-158.281828,4,16042.615139,0,0,1,0,0
812.24311,39,16054.748774,0,0,1,0,0
480.129458,1,16055.218721,0,0,1,0,0
478.881733,1,16055.607869,0,0,1,0,0
28.93954,1,16055.948371,0,0,0,0,1
177.509903,12,16402.528693,0,0,1,0,0
496.742799,24,16406.711288,0,0,1,0,0
844.572606,41,16423.031766,1,0,0,0,0
337.679284,16,16439.070665,0,0,1,0,0
-151.800564,7,16443.024098,0,0,1,0,0
629.13704,34,16450.119098,0,0,1,0,0
162.698148,14,16453.377019,0,0,1,0,0
471.129458,1,16453.832716,0,0,1,0,0
28.82862,1,16454.169717,0,0,0,0,1
388.900251,19,16464.522724,0,0,1,0,0
478.881733,1,16464.928405,0,0,1,0,0
220.542668,11,16482.51482,0,0,1,0,0
988.823993,48,16493.384094,1,0,0,0,0
336.756942,19,16497.727304,0,0,1,0,0
28.826743,1,16498.104224,0,0,0,0,1
41.877765,2,16498.732252,0,0,1,0,0
28.859287,1,16499.060631,1,0,0,0,0
28.863408,1,16499.471169,0,0,0,0,1
-129.312562,4,16502.849032,0,0,1,0,0
28.931002,1,16503.158112,0,0,0,0,1
14.568083,9,16506.230332,0,0,1,0,0
28.82862,1,16506.555855,0,0,0,0,1
480.129458,1,16507.045166,0,0,1,0,0
-122.263011,7,16509.784186,0,0,1,0,0
34.637882,2,16510.31897,0,0,1,0,0
81.232284,10,16512.96346,0,0,1,0,0
37.778864,1,16513.328296,0,0,0,0,1
28.931002,1,16513.707183,0,0,0,0,1
850.416598,37,16531.586981,0,0,1,0,0
28.931002,1,16531.950792,0,0,0,0,1
474.652052,21,16551.814701,0,0,1,0,0
28.863408,1,16552.102995,0,0,0,0,1
28.931002,1,16552.484548,0,0,0,0,1
23.138125,9,16553.49143,0,0,1,0,0
28.99729,1,16553.782693,0,0,0,0,1
28.873836,1,16554.288676,0,0,0,0,1
37.93954,1,16554.664094,0,0,0,0,1
508.317024,26,16559.928314,1,0,0,0,0
251.373024,15,16912.310016,0,0,1,0,0
634.390429,29,16920.944574,0,0,1,0,0
-140.999267,1,16924.141208,1,0,0,0,0
660.334538,29,16931.738768,1,0,0,0,0
37.931002,1,16932.101678,0,0,0,0,1
28.863408,1,16932.465765,0,0,0,0,1
28.778864,1,16932.871598,0,0,0,0,1
28.931002,1,16933.24358,0,0,0,0,1
28.831123,1,16933.618798,0,0,0,0,1
-125.784983,5,16936.670007,0,0,1,0,0
28.93954,1,16936.96212,0,0,0,0,1
480.129458,1,16937.40242,0,0,1,0,0
28.826743,1,16937.770554,0,0,0,0,1
280.877507,15,16941.315497,0,0,1,0,0
28.800053,1,16941.618507,0,0,0,0,1
37.99729,1,16941.945247,0,0,0,0,1
28.82862,1,16942.369648,0,0,0,0,1
381.513442,17,16951.814247,0,0,1,0,0
28.99729,1,16952.131145,0,0,0,0,1
-179.603445,5,16952.903551,0,0,1,0,0
441.215255,22,16957.62943,0,0,1,0,0
471.129458,1,16958.093629,0,0,1,0,0
444.19814,21,16961.893706,1,0,0,0,0
28.863408,1,16962.20006,0,0,0,0,1
37.800052,1,16962.558925,0,0,0,0,1
471.129458,1,16963.022995,0,0,1,0,0
94.081681,12,16966.183379,0,0,1,0,0
478.90969,1,16966.621571,0,0,1,0,0
813.626266,36,16982.280072,0,0,1,0,0
993.406161,34,16997.340261,0,0,1,0,0
28.947109,1,16997.727239,0,0,0,0,1
28.931002,1,16998.06017,0,0,0,0,1
37.931002,1,16998.422096,0,0,0,0,1
901.467759,42,17018.066929,0,0,1,0,0
-108.08733,2,17018.534578,1,0,0,0,0
-192.617894,7,17019.3838,0,0,1,0,0
558.661836,27,17025.82287,0,0,1,0,0
910.744372,37,17035.841234,1,0,0,0,0
982.046585,44,17067.203946,0,0,1,0,0
478.846564,1,17067.4999,0,0,1,0,0
478.90969,1,17067.947098,0,0,1,0,0
616.630011,32,17076.266703,0,0,1,0,0
28.93954,1,17076.671513,0,0,0,0,1
56.79527,11,17080.961838,0,0,1,0,0
601.199157,26,17091.105673,1,0,0,0,0
733.514831,34,17116.45582,0,0,1,0,0
364.20991,19,17123.732059,0,0,1,0,0
28.931002,1,17124.075053,0,0,0,0,1
37.99729,1,17124.407355,0,0,0,0,1
-118.33939,6,17127.19804,0,0,1,0,0
37.863408,1,17127.51037,0,0,0,0,1
37.939541,1,17127.929054,0,0,0,0,1
26.095859,9,17128.990828,0,0,1,0,0
379.856485,23,17152.203962,0,0,1,0,0
37.939542,1,17152.597472,0,0,0,0,1
480.129458,1,17153.093008,0,0,1,0,0
28.991637,1,17153.51046,0,0,0,0,1
478.881733,1,17153.919153,0,0,1,0,0
28.909529,1,17154.212922,0,0,0,0,1
-133.132798,4,17157.663746,0,0,1,0,0
37.826743,1,17157.974693,0,0,0,0,1
217.603771,11,17168.009253,0,0,1,0,0
487.88892,1,17168.46573,0,0,1,0,0
1014.292494,44,17179.380072,0,0,1,0,0
-127.54117,3,17181.954563,0,0,1,0,0
-219.744636,12,17183.393262,0,0,1,0,0
28.99729,1,17183.694877,0,0,0,0,1
28.93954,1,17184.085256,0,0,0,0,1
255.768147,15,17199.465444,0,0,1,0,0
28.872453,1,17199.884143,0,0,0,0,1
478.90969,1,17200.290329,0,0,1,0,0
50.880608,2,17200.941772,0,0,1,0,0
28.99729,1,17201.298179,0,0,0,0,1
-206.565173,5,17203.812907,0,0,1,0,0
28.931002,1,17204.105187,0,0,0,0,1
37.826742,1,17204.507439,0,0,0,0,1
28.778864,1,17204.863953,0,0,0,0,1
28.99729,1,17205.231781,0,0,0,0,1
37.82862,1,17205.604073,0,0,0,0,1
29.927711,1,17206.17042,0,0,1,0,0
652.025341,29,17212.014332,0,0,1,0,0
974.084824,43,17247.452578,0,0,1,0,0
37.99729,1,17247.789405,0,0,0,0,1
28.938687,1,17248.194854,0,0,0,0,1
96.742492,12,17257.596456,0,0,1,0,0
471.129458,1,17258.083508,0,0,1,0,0
478.90969,1,17258.485235,0,0,1,0,0
418.969319,20,17262.63166,0,0,1,0,0
28.931002,1,17262.951771,0,0,0,0,1
37.82862,1,17263.318896,0,0,0,0,1
28.991637,1,17263.803038,0,0,0,0,1
574.562786,28,17270.272354,0,0,1,0,0
478.852829,1,17270.573091,0,0,1,0,0
52.896753,2,17272.812891,0,0,1,0,0
28.863408,1,17273.12154,0,0,0,0,1
478.881733,1,17273.586583,0,0,1,0,0
28.931002,1,17273.901662,0,0,0,0,1
231.335069,13,17277.01722,0,0,1,0,0
-139.771999,5,17279.83183,1,0,0,0,0
28.977188,1,17280.246143,0,0,0,0,1
28.931002,1,17280.609821,0,0,0,0,1
327.490989,15,17286.256309,0,0,1,0,0
34.657168,2,17286.761282,0,0,1,0,0
656.557663,32,17295.395613,1,0,0,0,0
576.186825,30,17302.605465,0,0,1,0,0
28.778864,1,17303.046791,0,0,0,0,1
471.129458,1,17303.522617,0,0,1,0,0
376.777974,18,17315.223403,0,0,1,0,0
28.920203,1,17315.771198,0,0,0,0,1
50.877111,2,17316.433207,0,0,1,0,0
166.958047,10,17332.934335,0,0,1,0,0
28.93954,1,17333.257346,0,0,0,0,1
855.005658,34,17347.533368,0,0,1,0,0
408.24046,23,17352.00417,0,0,1,0,0
28.859286,1,17352.295152,1,0,0,0,0
28.800053,1,17352.650552,0,0,0,0,1
37.93954,1,17353.066954,0,0,0,0,1
28.82862,1,17353.490018,0,0,0,0,1
796.185547,33,17363.255829,0,0,1,0,0
-35.839149,4,17364.530214,0,0,1,0,0
627.609574,27,17371.395121,1,0,0,0,0
37.778864,1,17371.76376,0,0,0,0,1
37.800053,1,17372.09501,0,0,0,0,1
610.795292,28,17377.60427,0,0,1,0,0
37.826743,1,17377.901487,0,0,0,0,1
-44.842087,4,17379.112659,0,0,1,0,0
28.93954,1,17379.43547,0,0,0,0,1
28.826743,1,17379.876884,0,0,0,0,1
126.437195,8,17386.885866,0,0,1,0,0
28.99729,1,17387.171702,0,0,0,0,1
37.863408,1,17387.575113,0,0,0,0,1
17.077024,1,17389.616154,0,0,1,0,0
28.93954,1,17389.921781,0,0,0,0,1
471.129458,1,17390.364793,0,0,1,0,0
28.863408,1,17390.671432,0,0,0,0,1
28.863408,1,17397.133558,0,0,0,0,1
28.82862,1,17397.51647,0,0,0,0,1
478.881733,1,17397.987113,0,0,1,0,0
28.800053,1,17398.289893,0,0,0,0,1
198.030801,15,17402.009685,0,0,1,0,0
37.93954,1,17402.391366,0,0,0,0,1
562.976664,25,17408.422878,0,0,1,0,0
37.931003,1,17408.785405,0,0,0,0,1
478.888918,1,17409.127791,0,0,1,0,0
28.800053,1,17409.492466,0,0,0,0,1
142.147987,13,17413.876536,0,0,1,0,0
817.070855,37,17421.55905,1,0,0,0,0
13.626241,9,17422.625864,0,0,1,0,0
1001.817431,43,17439.561699,0,0,1,0,0
1290.615908,50,17455.596578,0,0,1,0,0
-151.800564,7,17459.900022,0,0,1,0,0
478.852829,1,17460.124481,0,0,1,0,0
28.826743,1,17460.539835,0,0,0,0,1
28.778864,1,17460.927715,0,0,0,0,1
367.212323,19,17465.166502,0,0,1,0,0
191.255125,14,17468.290101,0,0,1,0,0
28.778864,1,17468.659672,0,0,0,0,1
715.317203,34,17484.433391,0,0,1,0,0
175.059885,14,17487.504382,0,0,1,0,0
-126.999021,3,17490.07427,0,0,1,0,0
37.863408,1,17490.420936,0,0,0,0,1
28.93954,1,17490.8135,0,0,0,0,1
735.475489,34,17497.866602,0,0,1,0,0
570.973797,28,17504.123858,0,0,1,0,0
28.859287,1,17504.478354,1,0,0,0,0
34.809324,2,17505.060304,0,0,1,0,0
66.897288,11,17508.68072,0,0,1,0,0
28.93954,1,17508.996119,0,0,0,0,1
-137.168426,5,17511.124383,0,0,1,0,0
87.534523,14,17513.455121,0,0,1,0,0
606.755483,30,17519.472484,0,0,1,0,0
37.863408,1,17519.851413,0,0,0,0,1
734.985476,34,17532.892912,0,0,1,0,0
487.881733,1,17533.380313,0,0,1,0,0
28.909529,1,17533.694171,0,0,0,0,1
28.863408,1,17534.092493,0,0,0,0,1
37.968284,1,17534.566413,0,0,0,0,1
553.057986,24,17540.223907,0,0,1,0,0
295.646335,14,17547.67869,0,0,1,0,0
37.997289,1,17548.036261,0,0,0,0,1
909.539506,38,17571.737445,0,0,1,0,0
622.774202,31,17577.817839,1,0,0,0,0
-41.372903,7,17579.411137,0,0,1,0,0
37.93954,1,17579.745629,0,0,0,0,1
149.265401,9,17592.624335,0,0,1,0,0
28.93954,1,17592.92096,0,0,0,0,1
684.937699,29,17604.335552,1,0,0,0,0
610.438841,28,17609.624441,0,0,1,0,0
-145.629316,6,17613.350122,0,0,1,0,0
24.73004,9,17614.191926,0,0,1,0,0
843.28838,35,17623.52628,1,0,0,0,0
37.778864,1,17623.9956,0,0,0,0,1
