#{"t_start": 1769677974.075559, "env_id": "commonroad-v1"}
r,l,t,is_collision,is_time_out,is_off_road,is_friction_violation,is_goal_reached
-113.919573,3,22.739512,0,0,1,0,0
361.209022,17,24.245625,0,0,1,0,0
580.668204,21,25.98602,0,0,1,0,0
43.060267,9,27.041898,0,0,1,0,0
-119.289579,3,28.405291,0,0,1,0,0
1028.800677,42,29.135074,0,0,1,0,0
582.992853,26,35.11236,0,0,1,0,0
914.391756,32,37.086326,0,0,1,0,0
293.891552,16,37.997693,0,0,1,0,0
-123.390604,1,38.476827,0,0,1,0,0
331.968285,1,39.143468,0,0,0,0,1
116.196588,14,40.648075,0,0,1,0,0
-177.016789,7,41.317088,0,0,1,0,0
331.99729,1,41.570014,0,0,0,0,1
85.667196,11,42.456376,0,0,1,0,0
136.918987,9,44.258066,0,0,1,0,0
331.826745,1,44.96664,0,0,0,0,1
331.800054,1,45.148416,0,0,0,0,1
130.784577,11,46.956377,1,0,0,0,0
331.826742,1,47.27838,0,0,0,0,1
331.800056,1,47.518146,0,0,0,0,1
169.970336,11,52.460093,0,0,1,0,0
136.588286,11,53.347644,0,0,1,0,0
-130.592757,6,53.893661,0,0,1,0,0
331.778864,1,54.417395,0,0,0,0,1
331.852828,1,54.68856,0,0,1,0,0
1268.306044,54,58.642173,0,0,1,0,0
-32.861694,4,59.193397,0,0,1,0,0
331.86341,1,59.337279,0,0,0,0,1
458.076135,19,60.671862,0,0,1,0,0
118.280508,8,61.035192,0,0,1,0,0
331.931002,1,61.284872,0,0,0,0,1
42.896589,9,61.769812,0,0,1,0,0
40.289268,9,62.511258,0,0,1,0,0
331.931002,1,62.850352,0,0,0,0,1
186.992084,12,64.25427,1,0,0,0,0
331.77886,1,64.590593,0,0,0,0,1
331.931005,1,64.901977,0,0,0,0,1
432.070869,26,70.464988,0,0,1,0,0
331.888918,1,70.738446,0,0,1,0,0
166.112041,11,71.188927,0,0,1,0,0
-123.381747,1,71.247972,0,0,1,0,0
1322.099213,54,74.995522,1,0,0,0,0
331.99729,1,75.238621,0,0,0,0,1
-32.399296,4,75.57932,0,0,1,0,0
331.859285,1,76.311183,1,0,0,0,0
324.129459,1,76.61917,0,0,1,0,0
331.939537,1,77.32708,0,0,0,0,1
331.939539,1,77.737155,0,0,0,0,1
-108.483704,6,78.199899,0,0,1,0,0
331.778864,1,78.401507,0,0,0,0,1
331.778865,1,78.695154,0,0,0,0,1
599.115553,28,80.551939,0,0,1,0,0
427.343362,20,86.076007,1,0,0,0,0
91.648276,10,87.561763,0,0,1,0,0
331.874209,1,87.887185,0,0,0,0,1
757.603483,32,89.785716,0,0,1,0,0
331.931001,1,89.868869,0,0,0,0,1
331.859287,1,90.305598,1,0,0,0,0
108.492303,9,90.923869,0,0,1,0,0
331.826745,1,91.159162,0,0,0,0,1
331.846563,1,91.429457,0,0,1,0,0
331.881733,1,91.631664,0,0,1,0,0
324.129458,1,91.89939,0,0,1,0,0
217.435588,15,93.101032,0,0,1,0,0
331.939542,1,93.386379,0,0,0,0,1
591.932664,25,95.978086,0,0,1,0,0
324.129458,1,96.481788,0,0,1,0,0
331.778867,1,96.806094,0,0,0,0,1
331.93954,1,97.146986,0,0,0,0,1
-102.186662,2,97.526661,0,0,1,0,0
400.708013,26,99.796906,0,0,1,0,0
377.745459,18,105.43791,0,0,1,0,0
403.311,21,106.887645,0,0,1,0,0
-116.01269,3,107.405908,0,0,1,0,0
-64.246081,4,107.720062,0,0,1,0,0
150.936792,11,108.436874,0,0,1,0,0
331.826743,1,108.73017,0,0,0,0,1
331.930999,1,109.072601,0,0,0,0,1
331.881731,1,109.279203,0,0,1,0,0
331.800051,1,109.425597,0,0,0,0,1
248.964827,14,109.788986,0,0,1,0,0
331.909688,1,110.89448,0,0,1,0,0
331.778865,1,111.199867,0,0,0,0,1
331.778863,1,111.31035,0,0,0,0,1
281.08381,13,113.062876,0,0,1,0,0
415.899242,20,114.901634,0,0,1,0,0
309.174495,18,116.29044,0,0,1,0,0
136.92442,10,414.73357,0,0,1,0,0
92.804453,41,416.159869,0,0,1,0,0
331.863408,1,416.355954,0,0,0,0,1
-132.510995,5,416.906233,0,0,1,0,0
659.132109,24,417.870024,0,0,1,0,0
425.839806,20,423.235302,0,0,1,0,0
332.312033,17,423.849291,0,0,1,0,0
331.863408,1,424.040501,0,0,0,0,1
331.831123,1,424.285107,0,0,0,0,1
331.931005,1,424.561738,0,0,0,0,1
331.931003,1,424.78521,0,0,0,0,1
331.888919,1,424.876574,0,0,1,0,0
-116.079013,4,425.03409,0,0,1,0,0
331.828621,1,425.231347,0,0,0,0,1
331.863409,1,425.450221,0,0,0,0,1
-111.708391,5,425.979248,0,0,1,0,0
634.256514,23,427.602269,0,0,1,0,0
323.014229,17,429.030229,0,0,1,0,0
331.778866,1,429.312351,0,0,0,0,1
620.455077,22,429.785928,0,0,1,0,0
331.938687,1,430.050243,0,0,0,0,1
-145.276297,4,430.404936,0,0,1,0,0
331.930998,1,430.728656,0,0,0,0,1
331.80893,1,430.961761,0,0,0,0,1
331.909689,1,431.200053,0,0,1,0,0
-129.884635,1,431.56569,0,0,1,0,0
1345.974788,52,434.733216,0,0,1,0,0
-130.385376,5,435.342031,0,0,1,0,0
-109.72902,5,435.466538,0,0,1,0,0
331.852827,1,435.50206,0,0,1,0,0
101.50065,7,435.990798,0,0,1,0,0
331.828618,1,436.277225,0,0,0,0,1
630.205428,16,436.95647,0,0,0,0,1
-20.337025,7,437.733896,0,0,1,0,0
331.909692,1,437.828531,0,0,1,0,0
674.122998,21,438.66231,0,0,1,0,0
331.939539,1,438.741711,0,0,0,0,1
0.100801,6,439.264255,0,0,1,0,0
-91.133124,2,439.559749,0,0,1,0,0
497.218144,21,445.390308,0,0,1,0,0
-129.737273,1,445.663053,0,0,1,0,0
331.938684,1,445.80151,0,0,0,0,1
331.859287,1,446.335655,1,0,0,0,0
331.778864,1,446.42548,0,0,0,0,1
711.112903,16,447.599091,0,0,0,0,1
454.195471,28,450.102467,1,0,0,0,0
-138.025977,1,450.744544,1,0,0,0,0
331.968288,1,450.831298,0,0,0,0,1
8.893042,8,451.448531,0,0,1,0,0
331.800051,1,451.700607,0,0,0,0,1
331.859289,1,451.820906,1,0,0,0,0
-107.714245,5,451.979592,0,0,1,0,0
363.193456,18,453.443813,0,0,1,0,0
331.800055,1,453.660594,0,0,0,0,1
714.693393,29,455.830438,1,0,0,0,0
669.804311,28,457.518449,0,0,1,0,0
331.931,1,461.750443,0,0,0,0,1
672.285593,33,462.420762,0,0,1,0,0
331.930998,1,462.46768,0,0,0,0,1
331.997293,1,462.71272,0,0,0,0,1
315.030371,14,464.350852,0,0,1,0,0
331.997289,1,464.609382,0,0,0,0,1
696.425527,34,466.824719,0,0,1,0,0
324.129458,1,466.917123,0,0,1,0,0
238.675462,11,467.81466,0,0,1,0,0
562.471541,28,469.673397,0,0,1,0,0
331.778863,1,469.741326,0,0,0,0,1
-144.8164,4,469.846741,0,0,1,0,0
-140.56789,5,470.352033,0,0,1,0,0
324.129458,1,470.664157,0,0,1,0,0
331.939543,1,470.729079,0,0,0,0,1
112.700084,11,471.126082,0,0,1,0,0
331.826744,1,471.173699,0,0,0,0,1
331.826742,1,471.42253,0,0,0,0,1
485.692561,22,472.605302,0,0,1,0,0
103.365866,8,473.331752,0,0,1,0,0
115.993276,24,474.613415,0,0,1,0,0
866.117805,33,481.577857,1,0,0,0,0
331.800052,1,481.660659,0,0,0,0,1
331.931004,1,481.768245,0,0,0,0,1
324.129458,1,481.874238,0,0,1,0,0
-145.629854,4,481.943146,0,0,1,0,0
331.826739,1,481.987259,0,0,0,0,1
-237.467835,11,482.821165,0,0,1,0,0
331.859287,1,482.876972,1,0,0,0,0
331.828621,1,483.118097,0,0,0,0,1
331.90969,1,483.224982,0,0,1,0,0
-116.966049,3,483.582664,1,0,0,0,0
331.931003,1,483.624969,0,0,0,0,1
260.753142,13,484.124227,0,0,1,0,0
57.934681,6,484.513502,0,0,1,0,0
331.997292,1,484.552197,0,0,0,0,1
331.931004,1,484.754772,0,0,0,0,1
751.903243,33,486.511616,0,0,1,0,0
399.862036,19,487.730796,0,0,1,0,0
459.07259,23,489.241858,0,0,1,0,0
-119.313987,3,489.317356,0,0,1,0,0
487.970717,17,489.51618,0,0,1,0,0
331.863407,1,489.551681,0,0,0,0,1
324.129457,1,489.673943,0,0,1,0,0
331.82862,1,489.934292,0,0,0,0,1
518.440059,25,490.293067,0,0,1,0,0
639.113536,27,492.315962,0,0,1,0,0
279.713146,17,492.568825,0,0,1,0,0
331.888919,1,492.818609,0,0,1,0,0
331.778863,1,493.154764,0,0,0,0,1
331.881733,1,493.557431,0,0,1,0,0
331.931001,1,493.606988,0,0,0,0,1
254.272252,18,494.930801,0,0,1,0,0
335.876985,14,495.829938,0,0,1,0,0
331.863408,1,495.932558,0,0,0,0,1
98.740182,7,496.528875,0,0,1,0,0
331.931001,1,496.776491,0,0,0,0,1
1250.170825,52,503.099254,0,0,1,0,0
489.546357,19,503.987634,0,0,1,0,0
-109.287742,5,504.14147,0,0,1,0,0
331.930999,1,504.322512,0,0,0,0,1
331.888918,1,504.413033,0,0,1,0,0
1474.532564,65,506.279101,0,0,1,0,0
-112.363413,5,506.348472,0,0,1,0,0
331.778865,1,506.559436,0,0,0,0,1
331.800053,1,506.816406,0,0,0,0,1
331.831123,1,506.923729,0,0,0,0,1
6.302504,8,507.429164,0,0,1,0,0
46.369446,9,508.047655,0,0,1,0,0
354.644842,24,509.785523,1,0,0,0,0
310.869873,14,511.906332,0,0,1,0,0
331.939542,1,512.112263,0,0,0,0,1
331.93954,1,512.241978,0,0,0,0,1
324.129458,1,512.359328,0,0,1,0,0
-123.386871,1,512.421259,0,0,1,0,0
125.442638,8,512.537664,0,0,1,0,0
24.488719,8,512.685242,0,0,1,0,0
331.800051,1,512.727149,0,0,0,0,1
331.800053,1,512.880982,0,0,0,0,1
331.931001,1,513.147284,0,0,0,0,1
487.083119,26,514.860302,0,0,1,0,0
914.573564,36,517.722635,0,0,1,0,0
331.99729,1,517.838135,0,0,0,0,1
452.356864,26,525.15573,1,0,0,0,0
494.265754,22,526.811265,1,0,0,0,0
-126.061642,1,527.167868,0,0,1,0,0
923.406848,37,530.185226,1,0,0,0,0
75.048432,10,531.207227,0,0,1,0,0
331.939538,1,531.44893,0,0,0,0,1
496.695425,20,534.209135,0,0,1,0,0
234.550819,15,535.080445,0,0,1,0,0
331.90953,1,535.306855,0,0,0,0,1
331.98134,1,535.553939,0,0,0,0,1
115.198728,9,536.158627,0,0,1,0,0
728.324949,30,541.662219,0,0,1,0,0
331.939542,1,541.980109,0,0,0,0,1
331.800052,1,542.087069,0,0,0,0,1
331.778863,1,542.192501,0,0,0,0,1
-130.671157,6,542.347493,0,0,1,0,0
331.997289,1,542.385802,0,0,0,0,1
208.071076,14,543.279865,0,0,1,0,0
331.909691,1,543.519881,0,0,1,0,0
60.527832,6,543.751777,0,0,1,0,0
331.881732,1,543.819175,0,0,1,0,0
331.826743,1,543.886903,0,0,0,0,1
331.931005,1,543.979712,0,0,0,0,1
-55.486088,6,544.58882,0,0,1,0,0
331.828618,1,544.652595,0,0,0,0,1
331.939541,1,545.017952,0,0,0,0,1
-190.725072,5,545.435736,0,0,1,0,0
405.999718,16,546.207366,0,0,1,0,0
331.846564,1,546.300797,0,0,1,0,0
302.926991,14,547.254259,0,0,1,0,0
331.826739,1,547.400921,0,0,0,0,1
331.88173,1,547.678334,0,0,1,0,0
331.84656,1,547.740562,0,0,1,0,0
331.997292,1,547.963607,0,0,0,0,1
192.890166,11,548.467245,1,0,0,0,0
331.859287,1,548.546299,1,0,0,0,0
331.800054,1,548.642694,0,0,0,0,1
349.870446,18,549.398358,0,0,1,0,0
331.881736,1,549.473751,0,0,1,0,0
346.018862,18,550.721505,1,0,0,0,0
331.863408,1,550.814366,0,0,0,0,1
1429.797321,64,555.836082,1,0,0,0,0
331.931005,1,555.968891,0,0,0,0,1
367.774481,18,561.591561,0,0,1,0,0
-142.931211,5,561.754126,0,0,1,0,0
-102.021284,2,562.192474,1,0,0,0,0
331.997292,1,562.460252,0,0,0,0,1
331.881736,1,562.562848,0,0,1,0,0
331.80005,1,562.615086,0,0,0,0,1
366.869984,15,563.388229,0,0,1,0,0
203.67138,12,565.198548,0,0,1,0,0
331.828623,1,565.378855,0,0,0,0,1
331.997289,1,565.627954,0,0,0,0,1
165.664089,13,566.417855,0,0,1,0,0
-111.543243,5,566.723509,0,0,1,0,0
331.869088,1,566.770532,0,0,0,0,1
331.881734,1,566.854232,0,0,1,0,0
739.703349,30,567.692258,0,0,1,0,0
-111.13387,5,567.887739,0,0,1,0,0
331.826746,1,568.325714,0,0,0,0,1
554.923231,24,569.982811,0,0,1,0,0
331.859288,1,570.454993,1,0,0,0,0
812.517503,38,573.181042,0,0,1,0,0
331.888917,1,573.27215,0,0,1,0,0
331.888918,1,573.407199,0,0,1,0,0
615.345528,32,575.605292,0,0,1,0,0
182.959351,27,576.230862,0,0,1,0,0
-117.270588,4,576.591368,0,0,1,0,0
99.67928,13,581.962523,0,0,1,0,0
1304.383367,47,583.204246,0,0,1,0,0
331.778867,1,583.245056,0,0,0,0,1
223.286375,13,584.202606,0,0,1,0,0
-129.932921,1,584.258324,0,0,1,0,0
331.939542,1,584.309403,0,0,0,0,1
243.327886,13,584.561728,0,0,1,0,0
1274.705658,42,586.29876,0,0,1,0,0
331.930999,1,586.376614,0,0,0,0,1
497.763997,21,587.580817,0,0,1,0,0
-121.576679,4,587.799676,0,0,1,0,0
331.931002,1,587.851498,0,0,0,0,1
331.82674,1,587.937691,0,0,0,0,1
331.881731,1,588.027201,0,0,1,0,0
324.129458,1,588.106379,0,0,1,0,0
516.22411,22,886.741216,0,0,1,0,0
236.763348,12,887.876741,0,0,1,0,0
578.594021,29,888.801271,0,0,1,0,0
939.706754,34,890.294728,0,0,1,0,0
578.071193,29,892.176,0,0,1,0,0
331.828619,1,892.266371,0,0,0,0,1
-129.919694,1,892.374207,0,0,1,0,0
331.939541,1,892.425926,0,0,0,0,1
331.778865,1,892.627443,0,0,0,0,1
331.800054,1,892.789028,0,0,0,0,1
671.836565,25,893.181233,0,0,1,0,0
-133.068957,6,893.351225,0,0,1,0,0
212.255485,11,893.95707,0,0,1,0,0
331.800057,1,894.149437,0,0,0,0,1
583.280016,29,896.518779,0,0,1,0,0
-129.9278,1,896.627431,0,0,1,0,0
331.93954,1,896.67704,0,0,0,0,1
331.826743,1,896.788927,0,0,0,0,1
626.254273,26,903.132201,1,0,0,0,0
113.815615,10,903.525012,0,0,1,0,0
331.939544,1,903.617905,0,0,0,0,1
36.746765,9,904.329095,0,0,1,0,0
331.863408,1,904.413574,0,0,0,0,1
442.938966,24,904.791209,0,0,1,0,0
-137.96534,1,904.861776,1,0,0,0,0
331.881734,1,905.178809,0,0,1,0,0
331.778867,1,905.242109,0,0,0,0,1
-205.948454,11,905.572173,0,0,1,0,0
662.042376,32,907.495078,0,0,1,0,0
331.9202,1,907.792688,0,0,0,0,1
99.313376,7,908.137234,0,0,1,0,0
508.686474,26,908.64757,0,0,1,0,0
331.859285,1,908.706516,1,0,0,0,0
13.405136,8,909.295772,0,0,1,0,0
331.939543,1,909.616873,0,0,0,0,1
414.287916,20,910.975662,0,0,1,0,0
421.303028,19,911.412346,0,0,1,0,0
331.881735,1,911.449283,0,0,1,0,0
689.331092,15,912.388235,0,0,0,0,1
-124.639462,4,912.577193,0,0,1,0,0
842.350435,35,915.151549,0,0,1,0,0
-5.260049,7,916.325789,0,0,1,0,0
331.881734,1,916.462465,0,0,1,0,0
52.795567,9,917.073396,0,0,1,0,0
-144.153186,3,917.443893,0,0,1,0,0
-96.956291,7,918.036108,0,0,1,0,0
950.503315,33,924.941545,0,0,1,0,0
331.931004,1,925.082325,0,0,0,0,1
427.06834,26,927.255576,1,0,0,0,0
22.990981,10,927.764225,0,0,1,0,0
-169.9224,9,927.965823,0,0,1,0,0
-124.473554,5,928.651235,1,0,0,0,0
806.576288,37,931.108498,0,0,1,0,0
331.939539,1,931.224919,0,0,0,0,1
331.939542,1,931.34261,0,0,0,0,1
331.84656,1,931.62326,0,0,1,0,0
264.079241,13,932.966198,0,0,1,0,0
331.931001,1,933.084356,0,0,0,0,1
435.623022,19,934.09657,0,0,1,0,0
580.294699,23,936.284626,0,0,1,0,0
-132.188256,6,936.492473,0,0,1,0,0
283.709331,16,938.227252,1,0,0,0,0
331.931001,1,938.356955,0,0,0,0,1
331.828622,1,938.468158,0,0,0,0,1
-98.415253,6,938.685724,0,0,1,0,0
331.888919,1,938.723376,0,0,1,0,0
412.502228,21,944.77594,1,0,0,0,0
331.863408,1,945.007211,0,0,0,0,1
331.939537,1,945.118001,0,0,0,0,1
331.826739,1,945.393449,0,0,0,0,1
331.931002,1,945.485752,0,0,0,0,1
331.997287,1,945.593454,0,0,0,0,1
331.939538,1,945.93295,0,0,0,0,1
331.939538,1,946.077034,0,0,0,0,1
559.666312,23,947.531963,0,0,1,0,0
331.939539,1,947.601534,0,0,0,0,1
103.036407,8,966.150104,0,0,1,0,0
195.800028,18,966.875121,0,0,1,0,0
331.778867,1,966.918038,0,0,0,0,1
331.859287,1,967.034353,1,0,0,0,0
213.835146,11,967.618717,0,0,1,0,0
414.274332,21,969.18796,1,0,0,0,0
331.800053,1,969.259133,0,0,0,0,1
331.939537,1,969.370549,0,0,0,0,1
331.859285,1,969.499634,1,0,0,0,0
-5.756561,12,969.83741,0,0,1,0,0
331.778865,1,969.874194,0,0,0,0,1
331.826742,1,970.002681,0,0,0,0,1
331.931003,1,970.085403,0,0,0,0,1
88.149556,40,970.967633,0,0,1,0,0
331.997289,1,971.256951,0,0,0,0,1
35.72243,6,972.333452,0,0,1,0,0
135.361002,10,1270.688144,0,0,1,0,0
430.998419,22,1272.002944,0,0,1,0,0
331.909691,1,1272.128931,0,0,1,0,0
-115.750111,4,1272.23935,0,0,1,0,0
0.145333,6,1272.541031,0,0,1,0,0
-49.043718,7,1272.842624,0,0,1,0,0
331.968283,1,1273.209829,0,0,0,0,1
331.876266,1,1273.364892,0,0,0,0,1
331.778864,1,1273.447754,0,0,0,0,1
331.859285,1,1273.56675,1,0,0,0,0
331.82674,1,1273.831538,0,0,0,0,1
-123.388892,1,1273.913662,0,0,1,0,0
331.85283,1,1273.974348,0,0,1,0,0
331.997289,1,1274.06393,0,0,0,0,1
128.995829,12,1274.949271,0,0,1,0,0
-126.088416,1,1275.087154,0,0,1,0,0
-174.310822,7,1275.694487,0,0,1,0,0
1727.968618,70,1286.087586,0,0,1,0,0
331.977255,1,1286.196426,0,0,0,0,1
201.280796,11,1287.39303,0,0,1,0,0
136.934137,9,1288.517585,0,0,1,0,0
331.931002,1,1288.629326,0,0,0,0,1
331.808926,1,1288.719016,0,0,0,0,1
-177.927694,7,1288.907019,0,0,1,0,0
10.343767,8,1289.169488,0,0,1,0,0
331.939539,1,1289.259227,0,0,0,0,1
331.826742,1,1289.37291,0,0,0,0,1
331.997291,1,1289.647536,0,0,0,0,1
399.906472,20,1291.48289,1,0,0,0,0
800.560523,34,1294.094118,0,0,1,0,0
324.129458,1,1294.175161,0,0,1,0,0
331.831122,1,1294.234068,0,0,0,0,1
331.909691,1,1294.328485,0,0,1,0,0
331.80005,1,1294.535408,0,0,0,0,1
331.859284,1,1294.658386,1,0,0,0,0
-84.138425,3,1294.956989,1,0,0,0,0
605.06304,23,1296.71653,0,0,1,0,0
171.662019,11,1297.482106,0,0,1,0,0
519.553423,24,1303.360002,0,0,1,0,0
331.997292,1,1303.475064,0,0,0,0,1
331.939542,1,1303.589932,0,0,0,0,1
331.800052,1,1303.71548,0,0,0,0,1
331.77886,1,1303.819328,0,0,0,0,1
331.881734,1,1303.932745,0,0,1,0,0
331.82862,1,1303.994966,0,0,0,0,1
769.042838,53,1308.034044,0,0,1,0,0
426.852289,19,1310.145962,0,0,1,0,0
331.980501,1,1310.2384,0,0,0,0,1
331.909692,1,1310.331499,0,0,1,0,0
331.826742,1,1310.419066,0,0,0,0,1
331.80893,1,1310.530657,0,0,0,0,1
199.339631,10,1311.06345,0,0,1,0,0
-117.707651,3,1311.190681,1,0,0,0,0
331.863409,1,1311.232437,0,0,0,0,1
449.232125,20,1312.613431,0,0,1,0,0
347.399157,15,1312.86984,0,0,1,0,0
443.682036,20,1314.954953,1,0,0,0,0
143.660107,10,1316.094133,0,0,1,0,0
331.828616,1,1316.247305,0,0,0,0,1
324.129457,1,1316.363961,0,0,1,0,0
331.939542,1,1316.433033,0,0,0,0,1
331.828617,1,1316.554518,0,0,0,0,1
331.99729,1,1316.660045,0,0,0,0,1
331.828616,1,1316.775849,0,0,0,0,1
339.172855,16,1322.466,0,0,1,0,0
756.837715,30,1324.718192,0,0,1,0,0
-98.396816,6,1324.893759,0,0,1,0,0
331.99729,1,1324.931987,0,0,0,0,1
331.99729,1,1325.068093,0,0,0,0,1
339.920878,20,1325.277869,0,0,1,0,0
202.248913,11,1325.871909,0,0,1,0,0
70.561953,7,1344.06381,0,0,1,0,0
331.93954,1,1344.109468,0,0,0,0,1
331.997291,1,1344.229485,0,0,0,0,1
439.309957,21,1346.343251,0,0,1,0,0
526.400275,23,1347.1598,0,0,1,0,0
7.015707,8,1347.851861,0,0,1,0,0
331.939539,1,1347.960605,0,0,0,0,1
-123.099292,6,1348.204069,0,0,1,0,0
331.778861,1,1348.258328,0,0,0,0,1
282.605787,15,1349.402752,0,0,1,0,0
281.508777,12,1349.959698,0,0,1,0,0
331.888915,1,1350.01893,0,0,1,0,0
-130.684506,7,1350.195284,0,0,1,0,0
-114.44998,3,1350.258764,0,0,1,0,0
331.93954,1,1350.303579,0,0,0,0,1
331.826742,1,1350.420037,0,0,0,0,1
-129.899617,1,1350.511545,0,0,1,0,0
331.931003,1,1350.555984,0,0,0,0,1
331.968514,18,1351.630179,0,0,1,0,0
-121.013374,1,1351.839755,0,0,1,0,0
75.645619,8,1352.129412,0,0,1,0,0
403.370033,18,1354.677478,0,0,1,0,0
600.618682,34,1362.431811,0,0,1,0,0
53.901574,6,1362.740248,0,0,1,0,0
1588.699463,67,1367.366345,1,0,0,0,0
331.997291,1,1367.443692,0,0,0,0,1
-174.818672,5,1368.155424,0,0,1,0,0
88.400523,10,1368.964496,0,0,1,0,0
277.932277,17,1370.003541,0,0,1,0,0
344.773416,17,1371.057126,0,0,1,0,0
331.863407,1,1371.172577,0,0,0,0,1
-117.165263,3,1371.296157,0,0,1,0,0
331.828619,1,1371.342247,0,0,0,0,1
331.800057,1,1371.442389,0,0,0,0,1
186.458807,11,1372.060053,1,0,0,0,0
346.137932,23,1373.544755,1,0,0,0,0
331.99729,1,1373.645346,0,0,0,0,1
331.863409,1,1373.755467,0,0,0,0,1
331.939537,1,1374.067122,0,0,0,0,1
331.88173,1,1374.190464,0,0,1,0,0
185.233773,12,1374.547332,0,0,1,0,0
274.11807,15,1375.307211,0,0,1,0,0
331.909531,1,1375.349928,0,0,0,0,1
532.353262,23,1381.320533,0,0,1,0,0
114.546627,11,1382.024837,0,0,1,0,0
241.950843,13,1382.519211,0,0,1,0,0
331.826742,1,1382.582833,0,0,0,0,1
15.376332,11,1384.00511,0,0,1,0,0
331.863408,1,1384.13687,0,0,0,0,1
331.800052,1,1384.240649,0,0,0,0,1
324.129458,1,1384.358447,0,0,1,0,0
159.060492,13,1385.265326,0,0,1,0,0
331.909529,1,1385.363568,0,0,0,0,1
331.831124,1,1385.468437,0,0,0,0,1
331.800055,1,1385.561476,0,0,0,0,1
1.086078,6,1385.977826,0,0,1,0,0
331.881734,1,1386.089718,0,0,1,0,0
418.746957,19,1387.242068,0,0,1,0,0
331.931004,1,1387.350966,0,0,0,0,1
331.826744,1,1387.457213,0,0,0,0,1
120.591556,12,1388.690227,0,0,1,0,0
331.800053,1,1388.82119,0,0,0,0,1
331.931002,1,1388.929254,0,0,0,0,1
989.965229,40,1391.465435,0,0,1,0,0
358.655343,18,1392.426843,0,0,1,0,0
360.827772,15,1394.254791,0,0,1,0,0
331.831123,1,1394.370623,0,0,0,0,1
331.826741,1,1394.473497,0,0,0,0,1
331.968285,1,1394.587775,0,0,0,0,1
331.939541,1,1394.946607,0,0,0,0,1
331.997286,1,1395.059742,0,0,0,0,1
15.385561,8,1395.432343,0,0,1,0,0
615.479717,26,1401.284898,0,0,1,0,0
331.99729,1,1401.364764,0,0,0,0,1
331.826746,1,1401.486609,0,0,0,0,1
331.93954,1,1401.59444,0,0,0,0,1
-128.622161,6,1401.802201,0,0,1,0,0
331.881734,1,1401.892978,0,0,1,0,0
331.82674,1,1401.962105,0,0,0,0,1
331.931001,1,1402.168023,0,0,0,0,1
47.784697,9,1402.397857,0,0,1,0,0
621.831555,29,1403.093982,0,0,1,0,0
-27.496545,7,1403.512886,0,0,1,0,0
70.804055,10,1404.205334,0,0,1,0,0
-145.865343,3,1404.314084,0,0,1,0,0
732.686547,36,1407.126161,0,0,1,0,0
331.99729,1,1407.252199,0,0,0,0,1
669.622181,30,1410.288887,1,0,0,0,0
505.879914,20,1410.957222,0,0,1,0,0
141.318634,8,1411.577356,0,0,1,0,0
331.888919,1,1411.674344,0,0,1,0,0
331.800051,1,1411.792096,0,0,0,0,1
331.852828,1,1411.902538,0,0,1,0,0
-118.98208,3,1412.129935,1,0,0,0,0
318.580804,17,1413.249415,0,0,1,0,0
331.920203,1,1413.345344,0,0,0,0,1
-126.078061,1,1413.457955,0,0,1,0,0
366.743785,17,1414.237004,0,0,1,0,0
-118.811036,7,1414.447833,0,0,1,0,0
675.348408,23,1416.984582,1,0,0,0,0
331.931,1,1417.13435,0,0,0,0,1
331.881736,1,1417.256492,0,0,1,0,0
1059.666488,46,1427.02019,1,0,0,0,0
331.930999,1,1427.094069,0,0,0,0,1
331.881733,1,1427.192327,0,0,1,0,0
331.939541,1,1427.568723,0,0,0,0,1
431.061674,19,1428.213468,0,0,1,0,0
666.977467,29,1430.40977,0,0,1,0,0
50.521881,9,1430.671667,0,0,1,0,0
484.568471,19,1430.936092,0,0,1,0,0
28.641845,8,1431.516613,0,0,1,0,0
45.40548,15,1431.71495,0,0,1,0,0
331.93954,1,1431.753937,0,0,0,0,1
-117.444977,3,1431.902491,1,0,0,0,0
331.800052,1,1431.949371,0,0,0,0,1
331.94256,1,1432.318783,0,0,0,0,1
-135.38001,6,1432.436189,0,0,1,0,0
451.507172,26,1435.145035,0,0,1,0,0
331.939541,1,1435.364069,0,0,0,0,1
331.831123,1,1435.470986,0,0,0,0,1
331.863407,1,1435.569345,0,0,0,0,1
126.924141,12,1436.488401,0,0,1,0,0
331.800052,1,1436.557801,0,0,0,0,1
953.119807,40,1437.992155,0,0,1,0,0
331.859283,1,1438.051052,1,0,0,0,0
145.060216,10,1438.347638,0,0,1,0,0
304.862993,15,1438.865726,0,0,1,0,0
42.17816,9,1439.112017,0,0,1,0,0
300.862775,18,1440.267116,0,0,1,0,0
331.859287,1,1440.350242,1,0,0,0,0
331.778861,1,1440.449068,0,0,0,0,1
331.778865,1,1440.716974,0,0,0,0,1
226.269044,13,1447.590768,1,0,0,0,0
331.863411,1,1447.691461,0,0,0,0,1
331.939543,1,1447.808908,0,0,0,0,1
-44.278299,6,1448.367319,0,0,1,0,0
911.076429,45,1452.767391,1,0,0,0,0
162.782692,13,1453.849338,0,0,1,0,0
-150.694601,10,1454.051091,0,0,1,0,0
331.99729,1,1454.107416,0,0,0,0,1
331.778864,1,1454.219131,0,0,0,0,1
331.997292,1,1454.331249,0,0,0,0,1
1140.027594,47,1457.724639,1,0,0,0,0
331.888919,1,1457.811238,0,0,1,0,0
331.997289,1,1457.959015,0,0,0,0,1
615.605733,30,1759.968571,0,0,1,0,0
331.828621,1,1760.047161,0,0,0,0,1
-169.664183,7,1760.239506,0,0,1,0,0
331.859286,1,1760.300667,1,0,0,0,0
331.94694,1,1760.403256,0,0,0,0,1
327.084256,20,1761.750747,0,0,1,0,0
64.859189,10,1762.4074,0,0,1,0,0
551.025168,24,1763.274326,0,0,1,0,0
593.352337,24,1763.968586,0,0,1,0,0
331.93954,1,1764.055342,0,0,0,0,1
331.846561,1,1764.187089,0,0,1,0,0
431.276699,23,1765.517312,0,0,1,0,0
331.826743,1,1765.601722,0,0,0,0,1
1144.60072,47,1774.466999,1,0,0,0,0
607.581951,24,1775.774794,0,0,1,0,0
-129.958877,1,1775.874363,0,0,1,0,0
331.93954,1,1775.932171,0,0,0,0,1
39.257728,9,1776.599133,0,0,1,0,0
307.624017,20,1778.082649,0,0,1,0,0
110.435565,11,1778.728786,0,0,1,0,0
256.431019,16,1779.596995,0,0,1,0,0
331.826743,1,1779.660495,0,0,0,0,1
331.939542,1,1779.789368,0,0,0,0,1
331.931003,1,1779.922975,0,0,0,0,1
331.98134,1,1780.036949,0,0,0,0,1
-23.670997,7,1780.591408,0,0,1,0,0
331.800056,1,1780.69561,0,0,0,0,1
-109.656904,2,1781.039418,0,0,1,0,0
331.828621,1,1781.114263,0,0,0,0,1
331.943007,1,1781.228505,0,0,0,0,1
331.831123,1,1781.310161,0,0,0,0,1
331.863411,1,1781.406525,0,0,0,0,1
599.84962,25,1783.37043,0,0,1,0,0
331.939539,1,1783.483492,0,0,0,0,1
331.881735,1,1783.607915,0,0,1,0,0
-121.012927,1,1783.66886,0,0,1,0,0
-64.568091,4,1783.817271,0,0,1,0,0
-110.632218,5,1783.938685,0,0,1,0,0
331.77886,1,1783.989419,0,0,0,0,1
-116.000865,3,1784.166023,0,0,1,0,0
331.99729,1,1784.231112,0,0,0,0,1
331.939543,1,1784.376515,0,0,0,0,1
331.931003,1,1784.503646,0,0,0,0,1
717.670088,31,1785.262029,0,0,1,0,0
331.859284,1,1785.323725,1,0,0,0,0
331.968284,1,1785.435902,0,0,0,0,1
800.950974,32,1786.16424,0,0,1,0,0
133.756339,9,1787.10262,0,0,1,0,0
-103.888925,5,1787.924804,0,0,1,0,0
331.93954,1,1787.971747,0,0,0,0,1
-121.855134,4,1788.193248,0,0,1,0,0
331.881735,1,1788.253044,0,0,1,0,0
331.84656,1,1788.32051,0,0,1,0,0
331.931001,1,1788.40434,0,0,0,0,1
331.859287,1,1788.504994,1,0,0,0,0
331.881736,1,1788.709294,0,0,1,0,0
331.939541,1,1788.774906,0,0,0,0,1
331.939539,1,1788.897713,0,0,0,0,1
294.065442,13,1789.241557,0,0,1,0,0
1084.363714,46,1797.22453,0,0,1,0,0
68.024556,10,1797.96426,0,0,1,0,0
1040.618444,40,1800.840166,0,0,1,0,0
331.930999,1,1800.922209,0,0,0,0,1
183.33699,11,1801.621942,1,0,0,0,0
-64.490446,4,1801.80915,0,0,1,0,0
331.826741,1,1802.053914,0,0,0,0,1
331.800052,1,1802.126918,0,0,0,0,1
331.778866,1,1802.227589,0,0,0,0,1
331.826743,1,1802.305052,0,0,0,0,1
331.826741,1,1802.387475,0,0,0,0,1
331.826743,1,1802.474119,0,0,0,0,1
331.99729,1,1802.584583,0,0,0,0,1
331.939537,1,1802.700919,0,0,0,0,1
436.807057,25,1804.771622,0,0,1,0,0
331.909691,1,1804.852821,0,0,1,0,0
331.808928,1,1804.934919,0,0,0,0,1
331.909689,1,1805.042361,0,0,1,0,0
-129.743458,1,1805.138624,0,0,1,0,0
266.614871,28,1807.188947,0,0,1,0,0
324.129458,1,1807.345363,0,0,1,0,0
340.383047,16,1809.027326,0,0,1,0,0
331.778864,1,1809.147226,0,0,0,0,1
-189.984744,5,1809.303972,0,0,1,0,0
331.939539,1,1809.359922,0,0,0,0,1
331.931001,1,1809.499856,0,0,0,0,1
331.138908,18,1816.656735,0,0,1,0,0
-193.189671,5,1816.797846,0,0,1,0,0
331.930999,1,1816.838912,0,0,0,0,1
331.859284,1,1816.950538,1,0,0,0,0
488.547099,19,1818.509934,0,0,1,0,0
331.863406,1,1818.585301,0,0,0,0,1
331.968288,1,1818.709484,0,0,0,0,1
331.831124,1,1818.875753,0,0,0,0,1
30.338425,5,1819.131804,0,0,1,0,0
367.16425,20,1820.100103,0,0,1,0,0
345.994332,17,1821.692485,0,0,1,0,0
331.859287,1,1821.836384,1,0,0,0,0
-189.361425,12,1822.183911,0,0,1,0,0
36.051724,12,1822.301512,0,0,1,0,0
331.863407,1,1822.338665,0,0,0,0,1
331.85929,1,1822.471916,1,0,0,0,0
331.931,1,1822.590503,0,0,0,0,1
-168.648643,5,1822.816881,0,0,1,0,0
-8.212454,7,1822.970612,0,0,1,0,0
331.80005,1,1823.010886,0,0,0,0,1
331.778864,1,1823.128449,0,0,0,0,1
331.997287,1,1823.244777,0,0,0,0,1
331.930998,1,1823.362266,0,0,0,0,1
331.881735,1,1823.571261,0,0,1,0,0
565.799225,24,1825.926246,0,0,1,0,0
331.881736,1,1826.064662,0,0,1,0,0
331.939543,1,1826.133396,0,0,0,0,1
331.778865,1,1826.243756,0,0,0,0,1
370.100768,16,1826.866312,0,0,1,0,0
331.931002,1,1826.932781,0,0,0,0,1
664.925438,28,1829.388974,0,0,1,0,0
-114.69683,3,1829.5644,0,0,1,0,0
481.97635,20,1831.511144,0,0,1,0,0
685.253402,33,1834.533786,1,0,0,0,0
275.73783,14,1840.236468,0,0,1,0,0
331.939541,1,1840.288507,0,0,0,0,1
240.467655,12,1840.668636,0,0,1,0,0
331.826742,1,1840.733905,0,0,0,0,1
331.931,1,1840.858739,0,0,0,0,1
-91.066061,2,1841.004972,0,0,1,0,0
381.993435,19,1841.849079,0,0,1,0,0
331.859289,1,1841.944249,1,0,0,0,0
167.823426,11,1843.234296,1,0,0,0,0
331.80893,1,1843.339147,0,0,0,0,1
331.997287,1,1843.453721,0,0,0,0,1
324.129459,1,1843.578267,0,0,1,0,0
711.800817,31,1844.185791,0,0,1,0,0
-123.389174,1,1844.24594,0,0,1,0,0
420.176991,19,1845.465182,0,0,1,0,0
459.795658,24,1847.086507,0,0,1,0,0
769.416196,35,1849.698361,1,0,0,0,0
603.546758,26,1852.381638,0,0,1,0,0
331.90953,1,1852.517373,0,0,0,0,1
331.968284,1,1852.922969,0,0,0,0,1
-129.958676,1,1853.082248,0,0,1,0,0
331.778863,1,1853.124442,0,0,0,0,1
-182.076284,8,1853.304085,0,0,1,0,0
189.189826,12,1853.889125,0,0,1,0,0
-140.53565,5,1853.982534,0,0,1,0,0
-123.391669,1,1854.035231,0,0,1,0,0
104.668995,9,2154.010995,0,0,1,0,0
331.881735,1,2154.05714,0,0,1,0,0
111.386871,13,2154.64625,0,0,1,0,0
-173.326407,8,2154.814977,0,0,1,0,0
331.800053,1,2154.853451,0,0,0,0,1
106.505408,11,2155.687864,0,0,1,0,0
331.979491,1,2155.800966,0,0,0,0,1
331.778864,1,2155.872845,0,0,0,0,1
331.939542,1,2156.006723,0,0,0,0,1
342.958754,15,2156.661343,0,0,1,0,0
634.105851,10,2157.191932,0,0,0,0,1
331.909527,1,2157.279087,0,0,0,0,1
331.826743,1,2157.397529,0,0,0,0,1
154.255928,13,2162.779145,0,0,1,0,0
331.997289,1,2162.865241,0,0,0,0,1
153.40405,11,2163.92618,0,0,1,0,0
331.826742,1,2164.044816,0,0,0,0,1
331.778866,1,2164.128965,0,0,0,0,1
773.703781,33,2166.268622,0,0,1,0,0
358.546227,23,2168.174852,1,0,0,0,0
331.939542,1,2168.303451,0,0,0,0,1
-131.43841,5,2168.782776,1,0,0,0,0
331.939541,1,2168.857951,0,0,0,0,1
-118.254699,3,2169.002132,1,0,0,0,0
35.469007,9,2169.463352,0,0,1,0,0
331.881733,1,2169.546056,0,0,1,0,0
244.904024,19,2171.10235,0,0,1,0,0
652.246937,26,2173.152693,0,0,1,0,0
331.931001,1,2173.259948,0,0,0,0,1
331.939541,1,2173.356684,0,0,0,0,1
750.267544,13,2174.070153,0,0,0,0,1
249.263981,12,2174.217514,0,0,1,0,0
331.826741,1,2174.252459,0,0,0,0,1
-75.691504,6,2174.500013,0,0,1,0,0
-99.211156,7,2174.624464,0,0,1,0,0
331.939539,1,2174.667661,0,0,0,0,1
331.881733,1,2174.774163,0,0,1,0,0
24.706808,10,2175.211658,0,0,1,0,0
331.826746,1,2175.270466,0,0,0,0,1
331.869087,1,2175.353309,0,0,0,0,1
331.997289,1,2175.439436,0,0,0,0,1
331.931001,1,2175.558421,0,0,0,0,1
331.859284,1,2175.673617,1,0,0,0,0
331.778867,1,2175.76815,0,0,0,0,1
331.881733,1,2175.871038,0,0,1,0,0
225.104737,13,2476.218737,0,0,1,0,0
291.847504,13,2476.502478,0,0,1,0,0
1011.453385,40,2484.703772,1,0,0,0,0
576.677055,29,2486.642536,0,0,1,0,0
296.420768,22,2486.994514,1,0,0,0,0
2.176095,8,2487.415732,0,0,1,0,0
664.473945,28,2489.856618,0,0,1,0,0
324.129458,1,2489.976811,0,0,1,0,0
331.997291,1,2490.040949,0,0,0,0,1
93.664459,7,2490.307088,0,0,1,0,0
331.931002,1,2490.343591,0,0,0,0,1
331.939543,1,2490.437731,0,0,0,0,1
139.945406,10,2490.956141,0,0,1,0,0
386.487593,25,2492.784997,1,0,0,0,0
85.182423,10,2492.997588,0,0,1,0,0
86.954736,10,2493.611612,0,0,1,0,0
331.778865,1,2493.674726,0,0,0,0,1
331.939537,1,2493.781274,0,0,0,0,1
172.053752,10,2495.318489,0,0,1,0,0
965.627015,36,2497.609034,0,0,1,0,0
596.847258,25,2503.25731,0,0,1,0,0
11.494177,8,2503.680014,0,0,1,0,0
163.348984,11,2503.908974,0,0,1,0,0
331.826744,1,2504.002147,0,0,0,0,1
331.800054,1,2504.089127,0,0,0,0,1
331.828619,1,2504.204087,0,0,0,0,1
331.778864,1,2504.312188,0,0,0,0,1
324.129457,1,2504.421656,0,0,1,0,0
-84.160082,3,2504.679177,1,0,0,0,0
331.82862,1,2504.783131,0,0,0,0,1
331.931002,1,2504.912628,0,0,0,0,1
105.641261,9,2505.101038,0,0,1,0,0
331.828619,1,2505.144426,0,0,0,0,1
-167.688338,8,2505.343509,0,0,1,0,0
301.9024,22,2506.881755,0,0,1,0,0
742.817667,14,2507.364914,0,0,0,0,1
254.420934,14,2508.185374,0,0,1,0,0
331.859287,1,2508.290756,1,0,0,0,0
331.99729,1,2508.386844,0,0,0,0,1
701.536798,34,2511.346473,0,0,1,0,0
-102.106975,2,2511.543564,0,0,1,0,0
625.593281,27,2512.137043,0,0,1,0,0
411.441692,19,2513.286245,0,0,1,0,0
126.407757,12,2513.985272,0,0,1,0,0
331.931003,1,2514.071311,0,0,0,0,1
339.759097,15,2516.20543,1,0,0,0,0
331.80005,1,2516.348727,0,0,0,0,1
468.134376,25,2517.443281,0,0,1,0,0
-142.395447,5,2517.599207,0,0,1,0,0
199.006624,12,2815.934662,0,0,1,0,0
331.826739,1,2816.018254,0,0,0,0,1
331.778861,1,2816.103664,0,0,0,0,1
-132.049732,5,2816.211013,0,0,1,0,0
335.01829,19,2822.313405,1,0,0,0,0
324.129457,1,2822.45136,0,0,1,0,0
217.099955,11,2822.769218,0,0,1,0,0
331.939541,1,2822.816017,0,0,0,0,1
331.888915,1,2822.940655,0,0,1,0,0
574.962717,22,2823.368715,0,0,1,0,0
591.228931,25,2823.732191,0,0,1,0,0
571.290571,26,2825.461051,0,0,1,0,0
302.016565,14,2826.01589,0,0,1,0,0
331.846564,1,2826.260303,0,0,1,0,0
-146.873841,4,2826.350954,0,0,1,0,0
331.828619,1,2826.38936,0,0,0,0,1
699.966838,27,2828.321532,1,0,0,0,0
331.881733,1,2828.431113,0,0,1,0,0
331.881734,1,2828.492053,0,0,1,0,0
331.931,1,2828.560284,0,0,0,0,1
-126.191193,6,2828.718813,0,0,1,0,0
-110.707071,6,2829.002198,0,0,1,0,0
331.800053,1,2829.035764,0,0,0,0,1
-123.393904,1,2829.137564,0,0,1,0,0
331.997287,1,2829.202959,0,0,0,0,1
331.978196,1,2829.341082,0,0,0,0,1
-117.159043,3,2829.439118,1,0,0,0,0
331.828622,1,2829.490737,0,0,0,0,1
331.863404,1,2829.587449,0,0,0,0,1
872.624175,35,2831.522019,0,0,1,0,0
331.931003,1,2831.575531,0,0,0,0,1
513.810681,23,2833.247854,0,0,1,0,0
331.93954,1,2833.305445,0,0,0,0,1
331.778865,1,2833.408752,0,0,0,0,1
-179.032519,8,2833.643686,0,0,1,0,0
331.930999,1,2833.683631,0,0,0,0,1
331.997288,1,2833.774972,0,0,0,0,1
110.808236,11,2834.632842,0,0,1,0,0
548.279952,24,2836.686486,1,0,0,0,0
-91.144907,2,2836.797106,0,0,1,0,0
331.831123,1,2836.835579,0,0,0,0,1
-133.29441,6,2836.960904,0,0,1,0,0
67.663427,6,2837.226282,0,0,1,0,0
331.828619,1,2837.312646,0,0,0,0,1
331.800053,1,2837.422448,0,0,0,0,1
324.129458,1,2837.521646,0,0,1,0,0
373.847808,18,2843.515171,0,0,1,0,0
331.881734,1,2843.618708,0,0,1,0,0
331.997289,1,2843.6828,0,0,0,0,1
-7.507513,7,2844.446174,0,0,1,0,0
493.260092,26,2846.233293,0,0,1,0,0
331.800052,1,2846.334326,0,0,0,0,1
660.648187,10,2846.920978,0,0,0,0,1
694.175897,33,2848.873543,0,0,1,0,0
331.826742,1,2848.94868,0,0,0,0,1
331.920205,1,2849.054756,0,0,0,0,1
256.184527,15,2850.047453,0,0,1,0,0
-108.031199,7,2850.207006,0,0,1,0,0
233.87848,12,2851.487242,0,0,1,0,0
224.591396,16,2852.899851,0,0,1,0,0
-130.980247,6,2853.059489,0,0,1,0,0
331.931001,1,2853.109001,0,0,0,0,1
53.549399,9,2853.337992,0,0,1,0,0
331.949323,1,2853.394526,0,0,0,0,1
331.939541,1,2853.470956,0,0,0,0,1
331.826743,1,2853.579542,0,0,0,0,1
331.778864,1,2853.661386,0,0,0,0,1
933.612368,37,2855.086309,0,0,1,0,0
331.82674,1,2855.121457,0,0,0,0,1
331.800053,1,2855.22227,0,0,0,0,1
639.156773,27,2856.893378,0,0,1,0,0
380.074341,17,2858.557344,0,0,1,0,0
331.778864,1,2858.647454,0,0,0,0,1
331.82674,1,2858.76477,0,0,0,0,1
59.550246,29,2864.289793,0,0,1,0,0
331.888921,1,2864.3596,0,0,1,0,0
331.800053,1,2864.473061,0,0,0,0,1
232.209091,13,2865.099162,0,0,1,0,0
140.706914,9,2865.95174,0,0,1,0,0
331.931002,1,2866.053901,0,0,0,0,1
325.352857,17,2866.689409,0,0,1,0,0
331.888918,1,2866.752365,0,0,1,0,0
331.773496,1,2867.165139,0,0,1,0,0
331.931002,1,2867.225173,0,0,0,0,1
331.863407,1,2867.314576,0,0,0,0,1
376.969934,18,2868.629251,0,0,1,0,0
83.983528,11,2869.335384,0,0,1,0,0
-144.00437,3,2869.400456,0,0,1,0,0
229.540103,12,2870.798156,0,0,1,0,0
255.708901,18,2871.707381,0,0,1,0,0
293.61333,14,2872.52862,0,0,1,0,0
271.970816,17,2873.511162,0,0,1,0,0
640.221017,27,2875.447755,1,0,0,0,0
331.977951,1,2875.58365,0,0,0,0,1
714.062598,34,2878.367053,0,0,1,0,0
488.144141,23,2879.2884,1,0,0,0,0
331.931003,1,2879.339497,0,0,0,0,1
331.863409,1,2879.436558,0,0,0,0,1
195.586653,14,2884.947045,0,0,1,0,0
-109.389015,2,2885.07958,0,0,1,0,0
331.800051,1,2885.146966,0,0,0,0,1
331.826742,1,2885.258299,0,0,0,0,1
331.800053,1,2885.3633,0,0,0,0,1
672.358483,27,2887.32226,0,0,1,0,0
1115.435286,60,2887.850006,0,0,1,0,0
-121.012228,1,2887.888353,0,0,1,0,0
331.93954,1,2887.953784,0,0,0,0,1
367.564474,18,2888.894918,0,0,1,0,0
-138.051832,1,2889.009238,1,0,0,0,0
95.771791,7,2889.347345,0,0,1,0,0
331.942562,1,2889.415684,0,0,0,0,1
-91.141908,2,2889.513334,0,0,1,0,0
331.997288,1,2889.558705,0,0,0,0,1
331.968284,1,2889.699022,0,0,0,0,1
331.800052,1,2889.845584,0,0,0,0,1
331.997286,1,2889.956265,0,0,0,0,1
544.275691,23,2891.513806,0,0,1,0,0
331.93954,1,2891.60977,0,0,0,0,1
413.019754,19,2892.765585,0,0,1,0,0
316.680026,14,2892.974004,0,0,1,0,0
331.939541,1,2893.015028,0,0,0,0,1
331.859287,1,2893.142553,1,0,0,0,0
458.066331,26,2893.974297,0,0,1,0,0
331.846564,1,2894.037415,0,0,1,0,0
331.881734,1,2894.120203,0,0,1,0,0
253.643412,16,2895.211482,0,0,1,0,0
331.826739,1,2895.308401,0,0,0,0,1
300.180982,15,2896.236324,0,0,1,0,0
331.93954,1,2896.331245,0,0,0,0,1
331.826739,1,2896.442122,0,0,0,0,1
-132.153533,6,2896.547582,0,0,1,0,0
331.931002,1,2896.586084,0,0,0,0,1
331.930998,1,2896.677622,0,0,0,0,1
194.047415,11,2897.742787,0,0,1,0,0
403.962541,19,2898.203686,0,0,1,0,0
555.738393,24,2899.935884,1,0,0,0,0
208.290263,17,2901.50146,0,0,1,0,0
569.816031,24,2908.614358,1,0,0,0,0
-147.392283,4,2908.734957,0,0,1,0,0
536.648049,24,2909.66629,1,0,0,0,0
331.778865,1,2909.74139,0,0,0,0,1
66.731434,13,2910.936251,0,0,1,0,0
-29.263093,7,2911.451265,0,0,1,0,0
337.629226,15,2913.149598,0,0,1,0,0
953.811917,45,2913.698686,0,0,1,0,0
568.623278,30,2915.710435,0,0,1,0,0
331.778864,1,2915.801528,0,0,0,0,1
331.939544,1,2915.938674,0,0,0,0,1
-32.377983,4,2916.314716,0,0,1,0,0
115.709903,8,2916.493089,0,0,1,0,0
331.93954,1,2916.534108,0,0,0,0,1
331.888921,1,2916.653989,0,0,1,0,0
541.808903,23,2917.839266,0,0,1,0,0
331.778863,1,2917.910719,0,0,0,0,1
331.77886,1,2918.014979,0,0,0,0,1
258.62304,14,2919.580829,1,0,0,0,0
331.997289,1,2919.674134,0,0,0,0,1
331.909531,1,2919.810547,0,0,0,0,1
17.287292,8,2920.228895,0,0,1,0,0
331.800053,1,2920.287237,0,0,0,0,1
889.587508,40,2922.180162,0,0,1,0,0
132.253217,11,2922.797649,0,0,1,0,0
331.828616,1,2922.879432,0,0,0,0,1
331.931003,1,2922.990186,0,0,0,0,1
1035.340296,48,2931.485942,1,0,0,0,0
112.344407,8,2931.658233,0,0,1,0,0
405.974623,21,2932.473486,0,0,1,0,0
-128.631079,7,2932.610067,0,0,1,0,0
847.097365,35,2933.433448,0,0,1,0,0
331.968282,1,2933.503751,0,0,0,0,1
477.247306,23,2933.946315,0,0,1,0,0
331.778866,1,2933.999045,0,0,0,0,1
331.800054,1,2934.100084,0,0,0,0,1
331.968284,1,2934.198726,0,0,0,0,1
311.779814,17,2934.569161,0,0,1,0,0
479.65708,22,2936.095556,0,0,1,0,0
708.017467,30,2937.863153,0,0,1,0,0
331.80893,1,2937.9513,0,0,0,0,1
235.567331,11,2938.494582,0,0,1,0,0
1718.632937,70,2939.258178,0,0,1,0,0
-91.065739,2,2939.314546,0,0,1,0,0
-41.193441,8,2939.584594,0,0,1,0,0
331.826743,1,2939.65493,0,0,0,0,1
331.931003,1,2939.739415,0,0,0,0,1
572.056661,25,2941.23046,0,0,1,0,0
-165.862701,8,2941.405702,0,0,1,0,0
694.363723,35,2944.343341,0,0,1,0,0
-105.775674,6,2949.213486,0,0,1,0,0
331.826743,1,2949.254526,0,0,0,0,1
1405.537417,48,2950.224705,0,0,1,0,0
331.997286,1,2950.283856,0,0,0,0,1
331.77886,1,2950.388329,0,0,0,0,1
331.909693,1,2950.516989,0,0,1,0,0
100.512807,11,2951.271593,0,0,1,0,0
331.997287,1,2951.345974,0,0,0,0,1
97.005979,11,2952.135577,0,0,1,0,0
331.939537,1,2952.228458,0,0,0,0,1
331.826743,1,2952.342356,0,0,0,0,1
331.93954,1,2952.43662,0,0,0,0,1
331.997291,1,2952.552045,0,0,0,0,1
331.939544,1,2952.694756,0,0,0,0,1
510.720434,21,2953.948571,1,0,0,0,0
285.644956,14,2954.184429,0,0,1,0,0
429.896635,19,2954.95404,0,0,1,0,0
331.863406,1,2955.021662,0,0,0,0,1
217.159342,15,2955.934777,0,0,1,0,0
331.863408,1,2956.038914,0,0,0,0,1
554.180129,25,2957.424013,0,0,1,0,0
331.82674,1,2957.526248,0,0,0,0,1
139.228797,10,3257.046727,0,0,1,0,0
357.90839,16,3258.588371,0,0,1,0,0
164.449634,11,3258.752842,0,0,1,0,0
14.905686,8,3259.044673,0,0,1,0,0
331.831122,1,3259.151441,0,0,0,0,1
407.63995,20,3260.230595,0,0,1,0,0
331.80005,1,3260.285659,0,0,0,0,1
331.968288,1,3260.401428,0,0,0,0,1
331.888915,1,3260.565353,0,0,1,0,0
667.996528,23,3260.87396,0,0,1,0,0
331.931002,1,3260.915285,0,0,0,0,1
102.389991,8,3262.146832,0,0,1,0,0
331.831123,1,3262.361476,0,0,0,0,1
331.93954,1,3262.470532,0,0,0,0,1
-110.487281,5,3262.659975,0,0,1,0,0
82.116706,10,3263.301658,0,0,1,0,0
100.355402,11,3263.924678,0,0,1,0,0
163.334381,9,3264.162629,0,0,1,0,0
-118.123568,3,3264.241959,1,0,0,0,0
331.939539,1,3264.291609,0,0,0,0,1
331.80005,1,3264.407289,0,0,0,0,1
331.920204,1,3264.50874,0,0,0,0,1
331.826742,1,3264.602266,0,0,0,0,1
331.778861,1,3264.685006,0,0,0,0,1
164.345589,13,3270.199376,0,0,1,0,0
102.176537,9,3270.463298,0,0,1,0,0
331.939544,1,3270.507979,0,0,0,0,1
331.997289,1,3270.647995,0,0,0,0,1
171.860068,11,3271.200309,0,0,1,0,0
-91.1315,2,3271.284716,0,0,1,0,0
-118.897811,5,3271.77395,0,0,1,0,0
340.181913,17,3272.958699,0,0,1,0,0
-125.280168,4,3273.122814,0,0,1,0,0
876.17376,33,3274.824918,0,0,1,0,0
331.93954,1,3274.918328,0,0,0,0,1
-143.523987,3,3275.037757,0,0,1,0,0
331.800054,1,3275.071724,0,0,0,0,1
365.752271,16,3275.260302,0,0,1,0,0
378.264271,20,3275.61853,0,0,1,0,0
324.129459,1,3275.845481,0,0,1,0,0
331.778864,1,3275.896799,0,0,0,0,1
884.350132,38,3277.316358,0,0,1,0,0
1290.950743,33,3278.937355,0,0,1,0,0
667.082709,35,3279.396454,0,0,1,0,0
219.220472,22,3281.0571,0,0,1,0,0
331.909688,1,3281.126181,0,0,1,0,0
331.997293,1,3281.210196,0,0,0,0,1
-98.999397,6,3281.374506,0,0,1,0,0
331.968284,1,3281.424477,0,0,0,0,1
331.826743,1,3281.579011,0,0,0,0,1
331.90969,1,3281.657733,0,0,1,0,0
373.079047,20,3282.424135,0,0,1,0,0
-64.41567,4,3282.57363,0,0,1,0,0
331.968281,1,3282.6391,0,0,0,0,1
133.300648,13,3304.296461,0,0,1,0,0
188.678013,9,3304.377282,0,0,1,0,0
949.983687,38,3305.928402,0,0,1,0,0
563.56773,24,3307.784399,0,0,1,0,0
-32.594311,4,3308.140241,0,0,1,0,0
331.808929,1,3308.223161,0,0,0,0,1
512.188666,23,3309.261045,0,0,1,0,0
331.991638,1,3309.52289,0,0,0,0,1
10.139906,8,3309.815378,0,0,1,0,0
410.654818,20,3310.397433,0,0,1,0,0
331.831119,1,3310.461483,0,0,0,0,1
24.2232,8,3310.690405,0,0,1,0,0
183.261455,14,3311.522887,0,0,1,0,0
783.541533,33,3313.316276,0,0,1,0,0
331.778865,1,3313.385504,0,0,0,0,1
331.800053,1,3313.489439,0,0,0,0,1
331.808933,1,3313.601861,0,0,0,0,1
331.778863,1,3313.713172,0,0,0,0,1
427.603932,17,3314.542341,0,0,1,0,0
331.82862,1,3314.650621,0,0,0,0,1
-114.415505,3,3314.790816,0,0,1,0,0
331.828618,1,3314.836172,0,0,0,0,1
-102.126066,2,3315.034684,0,0,1,0,0
-140.30918,5,3315.144759,0,0,1,0,0
-94.603954,8,3315.271541,0,0,1,0,0
331.800055,1,3315.303291,0,0,0,0,1
90.568278,9,3315.991029,0,0,1,0,0
-110.413994,5,3316.405437,0,0,1,0,0
880.686836,35,3319.534372,0,0,1,0,0
-91.102899,2,3319.690417,0,0,1,0,0
-123.387261,1,3319.731076,0,0,1,0,0
331.800053,1,3319.784748,0,0,0,0,1
677.571123,28,3620.752612,0,0,1,0,0
331.870273,1,3620.802825,0,0,0,0,1
331.859287,1,3620.906338,1,0,0,0,0
331.863408,1,3621.006103,0,0,0,0,1
-172.151774,15,3621.354589,0,0,1,0,0
205.630188,10,3621.819185,0,0,1,0,0
331.920202,1,3621.921514,0,0,0,0,1
-118.020636,4,3627.296417,0,0,1,0,0
-41.103693,8,3627.617659,0,0,1,0,0
-96.419254,6,3627.748599,0,0,1,0,0
72.815417,10,3628.449398,0,0,1,0,0
331.846565,1,3628.532571,0,0,1,0,0
-107.269227,5,3628.642545,0,0,1,0,0
331.997288,1,3628.680616,0,0,0,0,1
331.930998,1,3628.804855,0,0,0,0,1
110.6046,9,3629.285263,0,0,1,0,0
333.518256,14,3629.788152,0,0,1,0,0
331.931001,1,3629.859867,0,0,0,0,1
-43.914786,6,3630.299996,0,0,1,0,0
331.939539,1,3630.417873,0,0,0,0,1
783.872817,28,3633.019291,0,0,1,0,0
102.705605,15,3634.420151,0,0,1,0,0
1614.874031,65,3640.116632,1,0,0,0,0
324.129457,1,3640.273419,0,0,1,0,0
417.372919,25,3641.75364,0,0,1,0,0
331.997291,1,3641.867443,0,0,0,0,1
331.808931,1,3642.007811,0,0,0,0,1
331.800051,1,3642.114802,0,0,0,0,1
331.826739,1,3642.237963,0,0,0,0,1
692.032867,34,3649.625555,1,0,0,0,0
-146.5863,4,3649.797856,0,0,1,0,0
-33.117667,4,3650.074419,0,0,1,0,0
331.863408,1,3650.147621,0,0,0,0,1
331.863409,1,3650.250392,0,0,0,0,1
-108.911634,5,3650.418224,0,0,1,0,0
331.778863,1,3650.469735,0,0,0,0,1
606.321794,29,3651.044124,0,0,1,0,0
138.44472,9,3651.928304,0,0,1,0,0
331.778865,1,3652.012394,0,0,0,0,1
331.931001,1,3652.123,0,0,0,0,1
429.164667,23,3652.639348,0,0,1,0,0
514.331259,29,3654.55249,0,0,1,0,0
331.93954,1,3654.675756,0,0,0,0,1
331.831119,1,3654.780174,0,0,0,0,1
331.931001,1,3654.879585,0,0,0,0,1
331.931002,1,3654.971611,0,0,0,0,1
331.85283,1,3655.064879,0,0,1,0,0
412.538758,18,3656.841309,0,0,1,0,0
-116.51385,3,3657.03763,0,0,1,0,0
331.888916,1,3657.108052,0,0,1,0,0
1674.447246,73,3658.048692,0,0,1,0,0
331.800053,1,3658.08656,0,0,0,0,1
331.939537,1,3658.198839,0,0,0,0,1
-91.070409,2,3658.329923,0,0,1,0,0
528.537574,22,3659.646387,0,0,1,0,0
469.926253,25,3660.724243,0,0,1,0,0
129.284547,11,3661.905834,1,0,0,0,0
-107.174801,6,3662.115941,0,0,1,0,0
66.432741,6,3662.190836,0,0,1,0,0
-91.130438,2,3662.242146,0,0,1,0,0
128.688837,8,3662.580803,0,0,1,0,0
331.826739,1,3662.657519,0,0,0,0,1
331.778867,1,3662.732708,0,0,0,0,1
-64.534068,4,3662.907015,0,0,1,0,0
331.82674,1,3662.988451,0,0,0,0,1
21.868037,8,3663.191987,0,0,1,0,0
890.030426,36,3663.739791,0,0,1,0,0
331.881733,1,3663.799727,0,0,1,0,0
554.389507,23,3664.404936,0,0,1,0,0
-123.38602,1,3664.440271,0,0,1,0,0
331.938686,1,3664.498907,0,0,0,0,1
668.284026,28,3664.976046,0,0,1,0,0
7.373166,13,3665.108818,0,0,1,0,0
331.99729,1,3665.150787,0,0,0,0,1
331.826746,1,3665.257144,0,0,0,0,1
331.863408,1,3665.333497,0,0,0,0,1
324.129458,1,3665.447489,0,0,1,0,0
-83.882985,3,3665.697095,1,0,0,0,0
-134.265448,6,3665.82925,0,0,1,0,0
