#{"t_start": 1770462768.952663, "env_id": "commonroad-v1-safe"}
r,l,t,is_collision,is_time_out,is_off_road,is_friction_violation,is_goal_reached
301.881733,1,94.791466,0,0,1,0,0
-316.659629,6,204.265612,0,0,1,0,0
-467.78842,12,208.174249,0,0,1,0,0
301.93954,1,228.660657,0,0,0,0,1
-109.066978,17,262.095992,0,0,1,0,0
301.778864,1,263.610144,0,0,0,0,1
-241.681582,4,268.384855,0,0,1,0,0
391.826743,1,269.771818,0,0,0,0,1
-311.145916,7,357.508163,0,0,1,0,0
-240.351813,20,375.772158,0,0,1,0,0
391.93954,1,376.817611,0,0,0,0,1
391.99729,1,378.154924,0,0,0,0,1
-202.31427,13,390.422415,0,0,1,0,0
396.32166,31,410.079397,0,0,1,0,0
-184.559346,4,413.856916,0,0,1,0,0
294.202337,19,425.484216,0,0,1,0,0
294.129458,1,428.468286,0,0,1,0,0
294.129458,1,434.962324,0,0,1,0,0
-156.113348,19,445.094134,0,0,1,0,0
-272.79303,32,456.388,0,0,1,0,0
301.846563,1,457.965244,0,0,1,0,0
381.920203,1,460.330451,0,0,0,0,1
-440.312281,9,479.096014,0,0,1,0,0
301.863408,1,480.360934,0,0,0,0,1
-4.98509,30,500.176878,0,0,1,0,0
-214.291665,14,520.903236,0,0,1,0,0
7.245692,24,532.944798,0,0,1,0,0
-226.873668,9,535.34291,0,0,1,0,0
301.931002,1,536.57698,0,0,0,0,1
294.129458,1,539.011189,0,0,1,0,0
-78.699124,16,545.592034,0,0,1,0,0
391.99729,1,546.445076,0,0,0,0,1
197.287851,28,867.700751,0,0,1,0,0
391.99729,1,868.627006,0,0,0,0,1
301.99729,1,873.965897,0,0,0,0,1
86.53316,46,994.929263,0,0,1,0,0
-202.058844,39,1004.435024,0,0,1,0,0
-276.290255,5,1103.376135,1,0,0,0,0
381.909689,1,1105.662934,0,0,1,0,0
-84.853798,19,1111.572975,0,0,1,0,0
-405.903707,46,1232.354305,0,0,1,0,0
-208.363199,3,2460.84983,1,0,0,0,0
391.800053,1,2462.208091,0,0,0,0,1
-153.38339,1,2463.354811,0,0,1,0,0
-83.66515,14,2472.048699,0,0,1,0,0
301.778864,1,2473.066021,0,0,0,0,1
-98.30683,20,2488.499153,0,0,1,0,0
301.846563,1,2489.886658,0,0,1,0,0
301.991637,1,2492.401778,0,0,0,0,1
301.826743,1,2493.450166,0,0,0,0,1
-377.758038,6,2568.464473,0,0,1,0,0
381.881733,1,2571.087108,0,0,1,0,0
301.826743,1,2572.118472,0,0,0,0,1
391.863407,1,2573.466575,0,0,0,0,1
-227.143561,38,2583.402256,0,0,1,0,0
-111.869545,7,2763.388824,0,0,1,0,0
67.439756,20,2775.261626,1,0,0,0,0
424.283956,10,2783.167768,0,0,0,0,1
301.968284,1,2784.746033,0,0,0,0,1
367.732154,13,2792.265012,0,0,1,0,0
301.859287,1,2793.566176,1,0,0,0,0
301.881733,1,2795.857434,0,0,1,0,0
-130.826413,11,2803.443915,0,0,1,0,0
-151.099117,2,2891.784727,0,0,1,0,0
391.800053,1,2892.949768,0,0,0,0,1
391.826743,1,2894.021696,0,0,0,0,1
267.325546,14,2905.555154,0,0,1,0,0
391.931002,1,2906.832888,0,0,0,0,1
40.138126,26,2913.04137,0,0,1,0,0
-134.955607,11,2918.350765,0,0,1,0,0
301.93954,1,2919.413518,0,0,0,0,1
-178.590512,6,2921.565673,0,0,1,0,0
391.938688,1,2923.644558,0,0,0,0,1
391.968284,1,2924.626953,0,0,0,0,1
-98.976762,8,2997.183734,0,0,1,0,0
301.93954,1,3002.905784,0,0,0,0,1
-261.876238,5,34003.375984,0,0,1,0,0
-95.253836,14,34007.066302,0,0,1,0,0
301.881733,1,34009.276329,0,0,1,0,0
-167.994982,1,34011.72012,1,0,0,0,0
-341.131705,53,34108.722697,0,0,1,0,0
-152.841725,4,34121.713668,0,0,1,0,0
-12.049159,8,34285.434416,0,0,1,0,0
301.852829,1,34286.905874,0,0,1,0,0
-98.772009,36,34308.90624,0,0,1,0,0
-223.698053,8,34310.879586,0,0,1,0,0
391.909691,1,34313.097776,0,0,1,0,0
301.931002,1,34313.860095,0,0,0,0,1
-120.636165,11,34332.798188,1,0,0,0,0
301.90969,1,34335.031466,0,0,1,0,0
-30.430318,24,34360.780303,0,0,1,0,0
-70.742727,39,34385.61794,0,0,1,0,0
-81.814886,23,34392.557314,0,0,1,0,0
301.979183,1,34394.11868,0,0,0,0,1
301.778864,1,34395.177077,0,0,0,0,1
301.931002,1,34396.229097,0,0,0,0,1
-154.719619,21,34406.881341,0,0,1,0,0
391.939541,1,34407.879864,0,0,0,0,1
301.99729,1,34408.665668,0,0,0,0,1
301.931002,1,34409.69854,0,0,0,0,1
-322.428542,48,34852.688219,0,0,1,0,0
-131.472278,12,34859.806437,0,0,1,0,0
-321.181585,32,35028.869075,0,0,1,0,0
-50.337717,31,35081.667366,0,0,1,0,0
301.846563,1,35087.618387,0,0,1,0,0
391.93954,1,35088.392892,0,0,0,0,1
-151.011808,1,35090.549095,0,0,1,0,0
301.778864,1,35091.408906,0,0,0,0,1
301.846563,1,35092.950231,0,0,1,0,0
634.876946,29,35117.581948,0,0,1,0,0
391.82862,1,35118.52674,0,0,0,0,1
-113.574789,43,35143.749381,1,0,0,0,0
391.93954,1,35144.604075,0,0,0,0,1
-202.495128,15,35154.334259,1,0,0,0,0
391.778864,1,35155.644152,0,0,0,0,1
301.859287,1,35156.290518,1,0,0,0,0
391.778863,1,35157.428547,0,0,0,0,1
301.859287,1,35158.497376,1,0,0,0,0
-110.120879,35,35165.731543,1,0,0,0,0
391.800053,1,35166.627474,0,0,0,0,1
301.93954,1,35167.486371,0,0,0,0,1
301.931002,1,35168.392308,0,0,0,0,1
391.99729,1,35169.272693,0,0,0,0,1
391.99729,1,35170.044911,0,0,0,0,1
301.859286,1,35171.058734,1,0,0,0,0
301.773494,1,35173.821792,0,0,1,0,0
391.800053,1,35174.647627,0,0,0,0,1
-218.213831,9,35176.724109,0,0,1,0,0
301.800053,1,35177.611632,0,0,0,0,1
301.778864,1,35178.620317,0,0,0,0,1
301.93954,1,35179.36726,0,0,0,0,1
301.968284,1,35180.594662,0,0,0,0,1
301.859287,1,35185.885919,1,0,0,0,0
174.300895,42,35226.38311,0,0,1,0,0
-289.854101,6,35302.643278,0,0,1,0,0
39.277561,17,35315.267618,0,0,1,0,0
-154.575044,47,35332.826981,0,0,1,0,0
-201.041017,36,35349.472966,0,0,1,0,0
694.037054,11,35357.027128,0,0,0,0,1
381.938687,1,35358.870067,0,0,0,0,1
391.931001,1,35359.904634,0,0,0,0,1
301.931002,1,35360.919371,0,0,0,0,1
-220.599626,12,35363.697147,0,0,1,0,0
381.881734,1,35365.659785,0,0,1,0,0
-116.889309,29,35374.495853,1,0,0,0,0
-183.798842,5,35462.233653,1,0,0,0,0
-169.359612,2,35463.615308,0,0,1,0,0
-22.478359,18,35474.797136,1,0,0,0,0
294.129458,1,35477.11332,0,0,1,0,0
-225.986907,8,35478.771927,0,0,1,0,0
143.486624,34,35803.663247,0,0,1,0,0
301.99729,1,35804.386054,0,0,0,0,1
-232.745802,9,35807.502872,0,0,1,0,0
381.90969,1,35809.792857,0,0,1,0,0
301.991637,1,35811.868536,0,0,0,0,1
301.778864,1,35812.847795,0,0,0,0,1
301.800053,1,35813.635554,0,0,0,0,1
-162.16604,2,35814.865179,1,0,0,0,0
-116.361903,30,35827.87733,1,0,0,0,0
-151.103298,2,35912.209921,0,0,1,0,0
391.800054,1,35913.305209,0,0,0,0,1
301.826743,1,35914.197214,0,0,0,0,1
301.773494,1,35916.71258,0,0,1,0,0
-234.368326,9,35918.874815,0,0,1,0,0
381.938687,1,35920.669211,0,0,0,0,1
301.800053,1,35921.494963,0,0,0,0,1
-30.744822,43,35940.142744,0,0,1,0,0
301.778864,1,35940.983766,0,0,0,0,1
301.931002,1,35941.780588,0,0,0,0,1
-4.737169,4,35957.539787,0,0,1,0,0
250.093367,18,35972.187072,0,0,1,0,0
20.55364,21,35991.865118,1,0,0,0,0
-74.582428,13,36308.760814,0,0,1,0,0
-91.426142,25,36331.872517,0,0,1,0,0
-102.583341,44,36427.278039,1,0,0,0,0
301.778864,1,36428.14213,0,0,0,0,1
-54.095251,23,36437.19909,0,0,1,0,0
-481.02813,39,36458.870015,0,0,1,0,0
-242.805587,4,36462.328028,0,0,1,0,0
-209.607221,27,36469.544087,0,0,1,0,0
391.800054,1,36470.672624,0,0,0,0,1
-107.317185,14,36476.109168,0,0,1,0,0
-207.404074,3,37665.199354,1,0,0,0,0
301.947109,1,37666.986916,0,0,0,0,1
-112.457091,6,37921.366631,0,0,1,0,0
391.968285,1,37922.561638,0,0,0,0,1
391.968284,1,37928.291821,0,0,0,0,1
-329.490034,32,37960.433093,0,0,1,0,0
301.93954,1,37961.277519,0,0,0,0,1
391.82862,1,37962.304721,0,0,0,0,1
-261.805012,7,38217.231955,0,0,1,0,0
28.545964,33,38233.384972,0,0,1,0,0
391.93954,1,38234.458127,0,0,0,0,1
-352.371488,38,38257.895963,0,0,1,0,0
-146.773007,4,38392.984917,0,0,1,0,0
301.938687,1,38394.952916,0,0,0,0,1
301.90969,1,38397.21534,0,0,1,0,0
391.931,1,38398.057801,0,0,0,0,1
-32.669531,49,38981.756505,0,0,1,0,0
-189.293945,16,38994.060529,0,0,1,0,0
68.18109,23,39005.404766,1,0,0,0,0
301.99729,1,39006.39089,0,0,0,0,1
-110.801986,23,39038.750053,0,0,1,0,0
301.859287,1,39039.40105,1,0,0,0,0
-272.540705,5,39100.157444,0,0,1,0,0
391.778864,1,39101.119096,0,0,0,0,1
-270.015474,30,39112.064788,0,0,1,0,0
180.406168,38,39169.476591,0,0,1,0,0
391.778864,1,39170.605158,0,0,0,0,1
301.778864,1,39171.477957,0,0,0,0,1
-104.511896,15,39181.548484,0,0,1,0,0
41.406495,17,39192.858313,0,0,1,0,0
301.826743,1,39193.713185,0,0,0,0,1
301.881733,1,39195.776594,0,0,1,0,0
301.977188,1,39197.187027,0,0,0,0,1
545.357387,34,39221.244378,1,0,0,0,0
301.909529,1,39222.18382,0,0,0,0,1
301.931002,1,39223.145972,0,0,0,0,1
391.800053,1,39223.979687,0,0,0,0,1
301.778864,1,39225.036172,0,0,0,0,1
301.859287,1,39225.701951,1,0,0,0,0
301.863408,1,39226.715113,0,0,0,0,1
391.881733,1,39229.013776,0,0,1,0,0
-244.758811,4,39232.397058,0,0,1,0,0
-159.922976,1,39339.254437,0,0,1,0,0
391.831123,1,39340.463644,0,0,0,0,1
391.931002,1,39341.432182,0,0,0,0,1
391.93954,1,39342.467061,0,0,0,0,1
-108.922192,31,39367.789908,0,0,1,0,0
-170.167329,26,39374.358066,0,0,1,0,0
-400.339146,54,39529.722722,0,0,1,0,0
381.881734,1,39531.834166,0,0,1,0,0
301.82862,1,39532.657411,0,0,0,0,1
301.931002,1,39533.437359,0,0,0,0,1
391.931002,1,39534.521773,0,0,0,0,1
-208.163244,3,39653.055801,0,0,1,0,0
-260.033715,5,39729.274209,0,0,1,0,0
141.692068,61,39765.638788,1,0,0,0,0
-83.249508,10,40089.074793,0,0,1,0,0
423.383236,10,40096.896633,0,0,0,0,1
384.129458,1,40098.961406,0,0,1,0,0
301.863408,1,40099.94354,0,0,0,0,1
391.800053,1,40100.858291,0,0,0,0,1
391.773494,1,40103.355856,0,0,1,0,0
301.881733,1,40105.43384,0,0,1,0,0
-371.102743,41,40116.808838,0,0,1,0,0
-280.027092,13,40120.764713,0,0,1,0,0
403.95439,40,40175.181463,0,0,1,0,0
-349.903191,48,40183.477476,0,0,1,0,0
294.129458,1,40185.450261,0,0,1,0,0
391.881733,1,40187.490353,0,0,1,0,0
301.800053,1,40188.306168,0,0,0,0,1
-151.011808,1,40190.240186,0,0,1,0,0
-231.592312,49,40202.920353,0,0,1,0,0
-170.837316,18,40210.63046,0,0,1,0,0
391.826742,1,40212.078969,0,0,0,0,1
301.778864,1,40212.929513,0,0,0,0,1
-99.425697,8,40218.934515,0,0,1,0,0
-162.16604,2,40219.841624,1,0,0,0,0
-272.32328,5,40280.525436,0,0,1,0,0
12.714777,16,40290.714424,0,0,1,0,0
-237.215122,4,40425.774837,0,0,1,0,0
391.931002,1,40426.943205,0,0,0,0,1
301.99729,1,40427.843603,0,0,0,0,1
-61.011298,1,40429.828862,0,0,1,0,0
322.025841,31,40452.654205,0,0,1,0,0
301.931002,1,40453.370436,0,0,0,0,1
391.826743,1,40454.365955,0,0,0,0,1
301.859287,1,40455.041697,1,0,0,0,0
301.968284,1,40455.986925,0,0,0,0,1
-504.520458,52,40513.777079,0,0,1,0,0
374.129458,1,40515.904471,0,0,1,0,0
-126.867725,14,40524.288443,0,0,1,0,0
-194.690536,39,40533.755242,0,0,1,0,0
60.736743,29,40554.742946,1,0,0,0,0
-84.911229,11,40871.996934,0,0,1,0,0
301.881733,1,40874.176845,0,0,1,0,0
-282.926948,6,40877.833546,0,0,1,0,0
-183.802833,38,40931.576128,1,0,0,0,0
430.242606,33,40950.138745,0,0,1,0,0
391.800053,1,40950.937699,0,0,0,0,1
-205.087411,3,40959.221276,0,0,1,0,0
-159.926592,1,41067.66961,0,0,1,0,0
-204.97778,3,41070.790303,0,0,1,0,0
391.931002,1,41071.885159,0,0,0,0,1
301.931002,1,41072.661478,0,0,0,0,1
-207.959565,3,41613.15218,0,0,1,0,0
-163.710812,37,41645.738394,0,0,1,0,0
-208.447527,3,41759.618969,0,0,1,0,0
391.968283,1,41761.233333,0,0,0,0,1
301.948692,1,41762.847887,0,0,0,0,1
-236.227963,15,41772.982152,0,0,1,0,0
301.93954,1,41773.813524,0,0,0,0,1
301.881733,1,41775.998197,0,0,1,0,0
301.859287,1,41776.978284,1,0,0,0,0
-100.143206,8,41783.114115,0,0,1,0,0
-105.686961,9,41789.530501,0,0,1,0,0
391.826743,1,41790.637476,0,0,0,0,1
391.778864,1,41791.715397,0,0,0,0,1
-159.922976,1,41899.097877,0,0,1,0,0
391.800054,1,41905.955487,0,0,0,0,1
176.115251,18,42385.899253,0,0,1,0,0
14.897376,33,42392.777642,0,0,1,0,0
-228.962851,15,42400.593111,0,0,1,0,0
391.800054,1,42401.822419,0,0,0,0,1
-96.89651,12,42406.026676,0,0,1,0,0
79.903217,18,42424.006711,0,0,1,0,0
374.129458,1,42426.093529,0,0,1,0,0
-310.32215,14,42438.329082,0,0,1,0,0
-202.495128,15,42443.595843,1,0,0,0,0
301.846563,1,42445.153644,0,0,1,0,0
-85.702351,16,42450.046674,0,0,1,0,0
-414.663258,8,42453.539494,0,0,1,0,0
-275.727055,5,42545.978799,1,0,0,0,0
-202.495128,15,42550.878249,1,0,0,0,0
452.363054,10,43026.174464,0,0,0,0,1
-69.736957,1,43029.877876,0,0,1,0,0
301.800053,1,43030.73048,0,0,0,0,1
-167.999267,1,43032.710296,1,0,0,0,0
391.931002,1,43033.642543,0,0,0,0,1
301.947109,1,43035.15297,0,0,0,0,1
-273.501681,5,43091.078929,0,0,1,0,0
301.800053,1,43091.911827,0,0,0,0,1
391.968285,1,43092.981307,0,0,0,0,1
-222.752121,9,43095.070781,0,0,1,0,0
438.904694,44,43124.645297,1,0,0,0,0
391.931002,1,43125.505128,0,0,0,0,1
-6.726823,20,43151.799636,0,0,1,0,0
-111.869526,26,43160.296758,1,0,0,0,0
301.778864,1,43161.328346,0,0,0,0,1
693.98184,10,43169.030085,0,0,0,0,1
-237.326806,4,43305.980144,0,0,1,0,0
-341.565173,5,43376.956483,0,0,1,0,0
301.800053,1,43377.977739,0,0,0,0,1
301.852829,1,43379.052771,0,0,1,0,0
294.129458,1,43381.421781,0,0,1,0,0
391.881732,1,43383.578902,0,0,1,0,0
-169.394493,2,43384.824347,0,0,1,0,0
-315.839243,6,43487.704645,0,0,1,0,0
301.931002,1,43488.531501,0,0,0,0,1
-526.202358,47,43499.894934,1,0,0,0,0
-406.671845,8,43516.596194,0,0,1,0,0
301.931002,1,43517.331021,0,0,0,0,1
-229.383281,9,43519.602671,0,0,1,0,0
301.778864,1,43520.456384,0,0,0,0,1
476.72784,22,43533.367305,0,0,1,0,0
-537.17364,13,43538.678431,0,0,1,0,0
-215.292632,7,43542.107651,0,0,1,0,0
53.931059,22,43557.610149,0,0,1,0,0
301.99729,1,43558.361524,0,0,0,0,1
-215.021702,9,43560.431338,0,0,1,0,0
-186.931336,54,43584.700977,0,0,1,0,0
-314.533164,21,43590.1168,0,0,1,0,0
391.831123,1,43591.029854,0,0,0,0,1
-170.712754,22,43599.957876,0,0,1,0,0
-205.448733,3,43602.993683,0,0,1,0,0
301.800053,1,43603.788815,0,0,0,0,1
301.881733,1,43606.139792,0,0,1,0,0
-241.364936,9,43608.890615,0,0,1,0,0
-5.937992,22,43636.849627,0,0,1,0,0
301.800053,1,43637.629146,0,0,0,0,1
391.93954,1,43638.589126,0,0,0,0,1
-235.475201,13,43647.138699,0,0,1,0,0
-275.620307,5,43738.358609,1,0,0,0,0
301.93954,1,43739.110033,0,0,0,0,1
301.931002,1,43739.898298,0,0,0,0,1
301.800053,1,43740.680194,0,0,0,0,1
-341.513166,5,43811.855206,0,0,1,0,0
-117.468919,40,43830.570929,0,0,1,0,0
301.859287,1,43831.247368,1,0,0,0,0
-213.150161,40,43850.841534,0,0,1,0,0
-161.656173,28,43861.798323,0,0,1,0,0
391.826743,1,43862.960276,0,0,0,0,1
-162.16604,2,43863.899436,1,0,0,0,0
391.863408,1,43864.868152,0,0,0,0,1
-374.75742,6,43935.789574,0,0,1,0,0
301.800053,1,43936.630496,0,0,0,0,1
301.778864,1,43937.519527,0,0,0,0,1
-151.103298,2,44017.314831,0,0,1,0,0
-169.496762,33,44053.475541,0,0,1,0,0
301.800053,1,44054.229697,0,0,0,0,1
478.174438,25,44073.20186,0,0,1,0,0
16.542458,28,44080.770964,0,0,1,0,0
34.503443,21,44150.683503,1,0,0,0,0
-248.006475,35,44163.518845,0,0,1,0,0
301.778864,1,44164.401758,0,0,0,0,1
301.931002,1,44165.221653,0,0,0,0,1
301.800053,1,44166.020225,0,0,0,0,1
391.800053,1,44166.838808,0,0,0,0,1
-259.230466,7,44425.823472,0,0,1,0,0
-360.398389,49,45079.65395,0,0,1,0,0
301.931002,1,45080.473201,0,0,0,0,1
-230.621487,11,45085.084855,0,0,1,0,0
301.931002,1,45085.830793,0,0,0,0,1
-271.227926,5,45141.653291,0,0,1,0,0
-342.433572,5,45212.537263,0,0,1,0,0
-348.186554,30,45229.570954,0,0,1,0,0
-131.945519,35,45246.321826,0,0,1,0,0
391.826743,1,45247.550043,0,0,0,0,1
301.931002,1,45248.333514,0,0,0,0,1
-208.152206,3,45361.859314,0,0,1,0,0
301.863408,1,45363.064552,0,0,0,0,1
169.737785,10,45375.858982,0,0,1,0,0
246.536178,22,45387.739557,1,0,0,0,0
673.739635,24,45402.803034,0,0,1,0,0
-151.100746,2,45489.569269,0,0,1,0,0
-152.841725,4,45498.514472,0,0,1,0,0
301.778864,1,45499.368067,0,0,0,0,1
-190.33507,34,45516.449332,0,0,1,0,0
301.931002,1,45517.197531,0,0,0,0,1
-184.559346,4,45520.863678,0,0,1,0,0
-162.168739,2,45521.798872,1,0,0,0,0
-179.938166,21,45528.688493,0,0,1,0,0
301.93954,1,45529.638227,0,0,0,0,1
301.859287,1,45530.310562,1,0,0,0,0
-150.881999,36,45557.661621,0,0,1,0,0
63.528417,44,45617.561771,1,0,0,0,0
-111.450134,17,45648.398243,0,0,1,0,0
-316.485743,14,45654.977552,0,0,1,0,0
391.93954,1,45655.786917,0,0,0,0,1
301.826743,1,45656.689771,0,0,0,0,1
301.82862,1,45657.727263,0,0,0,0,1
294.129458,1,45659.348059,0,0,1,0,0
301.99729,1,45660.303593,0,0,0,0,1
301.800053,1,45661.094244,0,0,0,0,1
190.095589,13,45667.835403,0,0,1,0,0
183.631536,23,45686.422385,0,0,1,0,0
391.93954,1,45687.422683,0,0,0,0,1
301.93954,1,45688.182603,0,0,0,0,1
-167.999267,1,45690.074106,1,0,0,0,0
-260.496452,7,45952.532686,0,0,1,0,0
-206.092017,3,45955.381815,0,0,1,0,0
301.931002,1,45956.135637,0,0,0,0,1
-139.585504,38,45973.334106,0,0,1,0,0
301.778864,1,45974.222282,0,0,0,0,1
-175.331528,10,45979.360067,0,0,1,0,0
391.93954,1,45980.233765,0,0,0,0,1
419.271664,12,45995.523662,0,0,1,0,0
301.863408,1,45996.370116,0,0,0,0,1
-150.081383,42,46488.59581,0,0,1,0,0
391.863408,1,46489.545713,0,0,0,0,1
-190.193277,13,46497.693254,0,0,1,0,0
319.935921,38,46524.213785,0,0,1,0,0
-230.695948,11,46532.577861,0,0,1,0,0
-65.245448,17,46539.724334,0,0,1,0,0
-179.363771,6,46541.625248,0,0,1,0,0
-275.777637,5,46630.846603,1,0,0,0,0
301.968284,1,46631.777559,0,0,0,0,1
384.129458,1,46634.121949,0,0,1,0,0
-261.563421,5,74218.043879,0,0,1,0,0
391.778863,1,74219.023615,0,0,0,0,1
301.82862,1,74220.088441,0,0,0,0,1
642.240192,15,74236.212399,0,0,1,0,0
301.931002,1,74236.957808,0,0,0,0,1
301.800053,1,74237.735059,0,0,0,0,1
-237.230087,4,74372.52826,0,0,1,0,0
301.846563,1,74374.044455,0,0,1,0,0
301.778864,1,74374.907966,0,0,0,0,1
301.931002,1,74375.684991,0,0,0,0,1
-159.922976,1,74482.573722,0,0,1,0,0
-191.206609,14,74491.095733,0,0,1,0,0
301.863408,1,74491.950833,0,0,0,0,1
384.129458,1,74500.103094,0,0,1,0,0
301.93954,1,74500.838198,0,0,0,0,1
301.800053,1,74501.64283,0,0,0,0,1
371.62129,18,74519.02411,0,0,1,0,0
-235.815111,19,74526.032775,0,0,1,0,0
301.99729,1,74526.768345,0,0,0,0,1
-218.470081,9,74528.703246,0,0,1,0,0
391.931002,1,74529.393233,0,0,0,0,1
301.826743,1,74530.236714,0,0,0,0,1
301.778864,1,74531.075444,0,0,0,0,1
-27.125651,31,74546.375068,1,0,0,0,0
301.826743,1,74547.299342,0,0,0,0,1
-119.134664,38,74562.036603,0,0,1,0,0
-202.495128,15,74566.798228,1,0,0,0,0
-205.087411,3,74569.520199,0,0,1,0,0
301.800053,1,74570.272228,0,0,0,0,1
-33.967874,22,74628.598706,0,0,1,0,0
301.931002,1,74629.41357,0,0,0,0,1
365.119727,38,74650.555384,0,0,1,0,0
-197.746539,41,74758.919617,1,0,0,0,0
275.056855,19,74780.852654,0,0,1,0,0
-153.388102,1,74781.847739,0,0,1,0,0
310.238916,28,74793.748666,1,0,0,0,0
-227.616861,32,74827.9383,0,0,1,0,0
-323.764995,5,74881.49352,0,0,1,0,0
301.800053,1,75579.710081,0,0,0,0,1
391.778864,1,75580.651124,0,0,0,0,1
174.646306,19,75591.670952,0,0,1,0,0
301.93954,1,75592.376635,0,0,0,0,1
-185.019458,26,75652.366278,0,0,1,0,0
391.863407,1,75653.450738,0,0,0,0,1
-243.449822,35,75665.972949,0,0,1,0,0
301.778864,1,75666.790531,0,0,0,0,1
301.859287,1,75667.463527,1,0,0,0,0
132.886159,32,75687.175656,0,0,1,0,0
391.846563,1,75688.474607,0,0,1,0,0
-228.184887,8,75693.592337,0,0,1,0,0
301.778864,1,75694.455588,0,0,0,0,1
294.129458,1,75696.706454,0,0,1,0,0
301.93954,1,75697.642365,0,0,0,0,1
-202.495128,15,75708.030583,1,0,0,0,0
-21.252868,20,75723.920454,0,0,1,0,0
-348.186554,30,75734.797902,0,0,1,0,0
301.931002,1,75735.592341,0,0,0,0,1
391.93954,1,75736.341182,0,0,0,0,1
-33.773633,30,75746.443688,0,0,1,0,0
391.826743,1,75747.276706,0,0,0,0,1
-86.479941,4,76031.300312,0,0,1,0,0
-69.736987,1,76034.454816,0,0,1,0,0
-343.295839,35,76042.694836,1,0,0,0,0
301.778864,1,76043.519117,0,0,0,0,1
194.291464,47,76073.841639,0,0,1,0,0
25.797434,16,76083.601867,0,0,1,0,0
301.881733,1,76085.709707,0,0,1,0,0
-257.40939,39,76127.710587,0,0,1,0,0
301.881733,1,76129.817704,0,0,1,0,0
301.800053,1,76130.578031,0,0,0,0,1
391.778864,1,76131.461069,0,0,0,0,1
381.846563,1,76132.829264,0,0,1,0,0
-220.567473,9,76134.752633,0,0,1,0,0
301.852829,1,76135.758836,0,0,1,0,0
301.93954,1,76136.514318,0,0,0,0,1
301.846563,1,76137.868966,0,0,1,0,0
-334.256123,5,76141.119756,0,0,1,0,0
148.250938,14,76154.854238,0,0,1,0,0
384.129458,1,76157.183531,0,0,1,0,0
381.90969,1,76159.194122,0,0,1,0,0
-73.146542,10,76478.36447,0,0,1,0,0
391.82862,1,76479.179821,0,0,0,0,1
391.99729,1,76479.971108,0,0,0,0,1
-8.881891,18,76488.309382,1,0,0,0,0
159.273647,32,76591.870699,0,0,1,0,0
391.888918,1,76592.891916,0,0,1,0,0
-241.533504,4,76596.368897,0,0,1,0,0
-231.825506,15,76603.987125,0,0,1,0,0
301.859287,1,76604.664531,1,0,0,0,0
-152.162524,24,76617.729414,0,0,1,0,0
-171.15894,15,76624.316221,0,0,1,0,0
301.93954,1,76625.182292,0,0,0,0,1
301.863408,1,76626.064039,0,0,0,0,1
301.826743,1,76632.563207,0,0,0,0,1
81.781308,30,76651.102809,0,0,1,0,0
217.12846,21,76658.974147,1,0,0,0,0
-239.495737,16,76666.721203,0,0,1,0,0
-244.194179,32,76728.192096,0,0,1,0,0
-108.46185,7,76887.527825,0,0,1,0,0
391.881733,1,76895.423949,0,0,1,0,0
-142.553143,27,76908.173037,1,0,0,0,0
391.931002,1,76908.96146,0,0,0,0,1
117.071597,27,76924.743424,0,0,1,0,0
391.93954,1,76925.732794,0,0,0,0,1
391.778864,1,76926.603074,0,0,0,0,1
-138.513242,19,76938.643892,0,0,1,0,0
301.99729,1,76939.426413,0,0,0,0,1
-202.495128,15,76944.142194,1,0,0,0,0
15.203364,13,77258.510451,0,0,1,0,0
301.82862,1,77259.344195,0,0,0,0,1
674.794501,27,77284.338446,0,0,1,0,0
-77.521885,24,77290.201173,0,0,1,0,0
391.881733,1,77297.732536,0,0,1,0,0
391.93954,1,77298.464906,0,0,0,0,1
201.674668,23,77314.957035,0,0,1,0,0
51.221618,43,77343.376738,0,0,1,0,0
-126.606532,70,77360.143756,0,0,1,0,0
301.863408,1,77361.047591,0,0,0,0,1
-89.67829,12,77369.942082,0,0,1,0,0
301.931002,1,77370.664596,0,0,0,0,1
301.93954,1,77371.412952,0,0,0,0,1
201.22387,29,77389.5933,0,0,1,0,0
391.863408,1,77390.716075,0,0,0,0,1
181.035867,26,78647.256079,0,0,1,0,0
-414.663258,8,78650.297129,0,0,1,0,0
-354.611151,58,79134.364504,0,0,1,0,0
-261.365867,5,79211.069559,0,0,1,0,0
301.826743,1,79211.994133,0,0,0,0,1
-205.087411,3,79220.507685,0,0,1,0,0
301.931002,1,79221.272743,0,0,0,0,1
301.778864,1,79222.15975,0,0,0,0,1
294.129458,1,79224.528553,0,0,1,0,0
391.82862,1,79225.359446,0,0,0,0,1
391.863408,1,79226.244871,0,0,0,0,1
-231.835543,7,79229.366078,0,0,1,0,0
-260.51598,5,107624.208167,0,0,1,0,0
-145.052135,19,107627.996843,0,0,1,0,0
301.859287,1,107628.690573,1,0,0,0,0
301.881733,1,107630.686819,0,0,1,0,0
301.80893,1,107631.64569,0,0,0,0,1
301.93954,1,107632.437736,0,0,0,0,1
301.931002,1,107633.40995,0,0,0,0,1
301.881733,1,107635.55891,0,0,1,0,0
301.99729,1,107636.317224,0,0,0,0,1
301.778864,1,107637.245162,0,0,0,0,1
294.129458,1,107639.684479,0,0,1,0,0
-315.881435,6,107742.498307,0,0,1,0,0
-153.388102,1,107743.550978,0,0,1,0,0
-207.401066,36,107756.691069,0,0,1,0,0
68.709493,42,107804.332607,0,0,1,0,0
-115.797608,19,107812.799598,0,0,1,0,0
301.90969,1,107815.013618,0,0,1,0,0
391.939541,1,107815.863726,0,0,0,0,1
301.873836,1,107817.584084,0,0,0,0,1
693.427334,10,107825.064125,0,0,0,0,1
-94.456559,17,107834.298852,0,0,1,0,0
-100.560282,42,107851.845111,1,0,0,0,0
301.778864,1,107852.773109,0,0,0,0,1
391.888918,1,107853.813498,0,0,1,0,0
391.800053,1,107854.661448,0,0,0,0,1
132.247413,18,107865.992783,0,0,1,0,0
-167.999267,1,107867.951786,1,0,0,0,0
-58.482285,31,107905.086924,0,0,1,0,0
-95.774279,11,107907.726371,0,0,1,0,0
391.800053,1,107908.554279,0,0,0,0,1
-138.492649,39,107917.663995,0,0,1,0,0
-159.738533,1,107920.538792,0,0,1,0,0
391.863408,1,107921.4391,0,0,0,0,1
-279.423241,6,107924.689376,0,0,1,0,0
-219.707777,12,107927.12833,0,0,1,0,0
301.826743,1,107933.628405,0,0,0,0,1
-239.997026,4,107937.195686,0,0,1,0,0
301.881733,1,107939.355023,0,0,1,0,0
391.863408,1,107940.183083,0,0,0,0,1
301.826743,1,107941.075547,0,0,0,0,1
-162.122235,2,107942.809,0,0,1,0,0
301.778864,1,107943.686486,0,0,0,0,1
301.846563,1,107945.084694,0,0,1,0,0
301.93954,1,107945.859723,0,0,0,0,1
-148.315827,4,108084.117383,0,0,1,0,0
301.778864,1,108085.218086,0,0,0,0,1
-321.907838,5,108138.845947,0,0,1,0,0
-152.974692,31,108154.296474,0,0,1,0,0
301.800053,1,108155.058717,0,0,0,0,1
391.82862,1,108155.910724,0,0,0,0,1
-138.339093,18,108168.266222,0,0,1,0,0
-67.518336,45,108207.100984,0,0,1,0,0
303.218664,25,109075.228104,0,0,1,0,0
-92.956844,35,109293.122598,0,0,1,0,0
-232.972804,16,109302.976107,0,0,1,0,0
391.99729,1,109304.017942,0,0,0,0,1
-261.408058,7,109562.026445,0,0,1,0,0
-98.201669,17,109570.73201,0,0,1,0,0
301.826743,1,109571.607163,0,0,0,0,1
391.826743,1,109578.092475,0,0,0,0,1
301.93954,1,109578.861291,0,0,0,0,1
-178.398171,6,109580.795902,0,0,1,0,0
301.968284,1,109581.769615,0,0,0,0,1
391.778864,1,109582.794995,0,0,0,0,1
294.129458,1,109584.911262,0,0,1,0,0
301.800053,1,109585.690341,0,0,0,0,1
301.846563,1,109587.092728,0,0,1,0,0
391.93954,1,109587.938903,0,0,0,0,1
166.03863,37,109645.847393,0,0,1,0,0
301.859288,1,109646.481776,1,0,0,0,0
391.826743,1,109647.371867,0,0,0,0,1
301.93954,1,109648.14335,0,0,0,0,1
-153.388102,1,109649.16283,0,0,1,0,0
-156.071736,1,109657.814867,0,0,1,0,0
436.614666,24,109679.668693,1,0,0,0,0
94.656319,30,109694.493803,0,0,1,0,0
-147.508261,4,109832.210429,0,0,1,0,0
301.881733,1,109834.417323,0,0,1,0,0
272.663916,13,109840.746025,0,0,1,0,0
-177.818068,6,109842.738166,0,0,1,0,0
-234.203075,13,109848.921502,0,0,1,0,0
391.93954,1,109849.747098,0,0,0,0,1
-228.449256,9,109852.034398,0,0,1,0,0
391.931002,1,109852.846857,0,0,0,0,1
-207.996194,3,111004.705056,1,0,0,0,0
391.881733,1,111007.01926,0,0,1,0,0
11.498154,17,111017.261855,0,0,1,0,0
301.881733,1,111025.004374,0,0,1,0,0
240.795146,21,111072.714163,0,0,1,0,0
159.81694,17,111081.758711,1,0,0,0,0
-180.517057,20,111091.281272,0,0,1,0,0
301.778864,1,111092.214992,0,0,0,0,1
391.931001,1,111093.288271,0,0,0,0,1
-220.335777,12,111095.880316,0,0,1,0,0
-101.599775,27,111182.63062,0,0,1,0,0
-141.277097,8,111187.512153,0,0,1,0,0
301.99729,1,111188.331934,0,0,0,0,1
301.931002,1,111189.172213,0,0,0,0,1
391.826743,1,111190.361682,0,0,0,0,1
294.129458,1,111192.706752,0,0,1,0,0
-310.861117,7,111282.597914,0,0,1,0,0
374.129458,1,111284.650918,0,0,1,0,0
-133.713673,11,111290.873914,0,0,1,0,0
-118.888184,11,111293.514294,0,0,1,0,0
391.800053,1,111294.367442,0,0,0,0,1
301.859287,1,111295.050774,1,0,0,0,0
2.174587,46,111504.659817,0,0,1,0,0
-134.71645,23,111510.852249,0,0,1,0,0
301.991637,1,111513.096086,0,0,0,0,1
381.881733,1,111515.258765,0,0,1,0,0
1312.661365,18,111526.418822,0,0,0,0,1
391.99729,1,111527.183138,0,0,0,0,1
-169.528731,2,111528.481091,0,0,1,0,0
-189.250876,17,111543.162092,0,0,1,0,0
301.99729,1,111543.980999,0,0,0,0,1
391.826743,1,111544.909164,0,0,0,0,1
-402.785396,8,111561.566735,0,0,1,0,0
301.920203,1,111563.679147,0,0,0,0,1
78.322016,18,111582.758877,0,0,1,0,0
301.82862,1,111583.638837,0,0,0,0,1
-151.099989,2,111664.278402,0,0,1,0,0
-88.304563,24,111686.638603,0,0,1,0,0
-232.771163,11,111690.54148,0,0,1,0,0
95.354062,19,111703.047933,0,0,1,0,0
301.863408,1,111703.9407,0,0,0,0,1
-283.574424,6,111707.156973,0,0,1,0,0
373.927375,14,111722.108997,0,0,1,0,0
301.93954,1,111722.893364,0,0,0,0,1
301.778864,1,111729.541162,0,0,0,0,1
381.881734,1,111731.549395,0,0,1,0,0
391.93954,1,111732.302942,0,0,0,0,1
381.881733,1,111734.48336,0,0,1,0,0
301.93954,1,111735.241874,0,0,0,0,1
-300.995599,32,111904.018186,0,0,1,0,0
391.826743,1,111905.338937,0,0,0,0,1
301.90969,1,111907.58076,0,0,1,0,0
301.93954,1,111908.600117,0,0,0,0,1
301.931002,1,111909.476616,0,0,0,0,1
301.93954,1,111910.242885,0,0,0,0,1
783.61472,10,111917.895927,0,0,0,0,1
301.82862,1,111918.756937,0,0,0,0,1
391.778864,1,111919.96297,0,0,0,0,1
301.93954,1,111920.76675,0,0,0,0,1
391.828619,1,111927.743814,0,0,0,0,1
-312.600041,50,111942.053188,0,0,1,0,0
391.852829,1,111943.057936,0,0,1,0,0
146.921465,26,111963.660733,0,0,1,0,0
101.88876,14,111977.943842,0,0,1,0,0
391.800053,1,111978.799446,0,0,0,0,1
301.800053,1,111979.612004,0,0,0,0,1
-226.739601,21,111988.030855,0,0,1,0,0
391.931002,1,111989.136399,0,0,0,0,1
391.93954,1,111989.914826,0,0,0,0,1
-184.583943,7,111992.118005,0,0,1,0,0
391.931002,1,111992.913004,0,0,0,0,1
-265.957023,4,112283.465653,0,0,1,0,0
301.931002,1,112284.687085,0,0,0,0,1
-281.26242,37,112295.895075,0,0,1,0,0
301.859287,1,112296.511822,1,0,0,0,0
301.800053,1,112297.325723,0,0,0,0,1
391.968284,1,112298.29355,0,0,0,0,1
-281.520697,39,112305.017756,0,0,1,0,0
391.93954,1,112305.834524,0,0,0,0,1
301.947109,1,112307.348801,0,0,0,0,1
-94.560406,4,112311.18276,0,0,1,0,0
-238.687155,42,112347.079239,1,0,0,0,0
391.931001,1,112348.257527,0,0,0,0,1
-293.998121,25,112357.456418,0,0,1,0,0
-154.553351,19,112369.822958,0,0,1,0,0
391.778864,1,112370.762665,0,0,0,0,1
301.99729,1,112371.5763,0,0,0,0,1
16.519021,12,112687.121791,0,0,1,0,0
381.881733,1,112689.308529,0,0,1,0,0
-203.460636,42,112697.44726,0,0,1,0,0
-69.738911,1,112700.373865,0,0,1,0,0
-336.46431,54,112713.227012,0,0,1,0,0
454.581215,18,112722.129407,0,0,0,0,1
391.800053,1,112722.920166,0,0,0,0,1
301.99729,1,112723.726034,0,0,0,0,1
301.881733,1,112725.891366,0,0,1,0,0
301.931002,1,112726.651838,0,0,0,0,1
391.863408,1,112727.784679,0,0,0,0,1
-433.380166,9,112744.438834,0,0,1,0,0
-47.663158,24,112763.541364,0,0,1,0,0
1132.065468,38,112787.851345,0,0,0,0,1
-203.973743,3,112790.708355,0,0,1,0,0
-341.579223,5,112861.585779,0,0,1,0,0
-73.572011,12,113184.522533,0,0,1,0,0
301.778864,1,113185.623947,0,0,0,0,1
301.859287,1,113186.343996,1,0,0,0,0
301.831123,1,113193.023736,0,0,0,0,1
-311.322684,6,113290.130542,0,0,1,0,0
301.99729,1,113290.974089,0,0,0,0,1
391.93954,1,113291.800507,0,0,0,0,1
-228.212346,11,113295.442881,0,0,1,0,0
-234.505612,3,113572.659198,0,0,1,0,0
301.778864,1,113573.965327,0,0,0,0,1
301.873836,1,113575.472176,0,0,0,0,1
6.851871,23,113591.019498,0,0,1,0,0
301.778864,1,113591.874421,0,0,0,0,1
391.800054,1,113592.770968,0,0,0,0,1
301.968284,1,113593.738191,0,0,0,0,1
-185.655581,5,113684.705471,1,0,0,0,0
-534.655439,12,113695.593573,0,0,1,0,0
391.888919,1,113696.721345,0,0,1,0,0
-120.071931,15,114053.953972,0,0,1,0,0
301.826743,1,114055.009338,0,0,0,0,1
301.800053,1,114055.826878,0,0,0,0,1
301.93954,1,114056.621278,0,0,0,0,1
301.931002,1,114057.417911,0,0,0,0,1
301.82862,1,114058.265494,0,0,0,0,1
-231.889307,9,114063.691677,0,0,1,0,0
-67.740397,24,114081.08536,0,0,1,0,0
391.800052,1,114081.93341,0,0,0,0,1
301.977188,1,114083.407195,0,0,0,0,1
-105.978756,48,114100.459654,0,0,1,0,0
67.55626,14,114107.332554,0,0,1,0,0
391.99729,1,114108.172655,0,0,0,0,1
-259.11766,5,114184.278115,0,0,1,0,0
391.93954,1,114185.34831,0,0,0,0,1
391.826743,1,114186.52703,0,0,0,0,1
391.881733,1,114188.508379,0,0,1,0,0
87.268919,23,114198.190634,0,0,1,0,0
301.99729,1,114198.96014,0,0,0,0,1
301.93954,1,114199.771902,0,0,0,0,1
301.93954,1,114200.777991,0,0,0,0,1
-222.598909,6,114300.04416,0,0,1,0,0
301.778864,1,114765.835732,0,0,0,0,1
450.566887,16,114775.615623,0,0,1,0,0
301.977631,1,114777.116116,0,0,0,0,1
301.863408,1,114777.952877,0,0,0,0,1
301.93954,1,114778.753703,0,0,0,0,1
301.778864,1,114779.663203,0,0,0,0,1
301.888918,1,114780.557599,0,0,1,0,0
-72.749599,4,114791.347691,0,0,1,0,0
301.99729,1,114792.091167,0,0,0,0,1
-168.560882,13,114795.824616,0,0,1,0,0
381.90969,1,114798.03743,0,0,1,0,0
-314.101072,7,114882.065952,0,0,1,0,0
301.991637,1,114884.192686,0,0,0,0,1
374.129458,1,114886.513917,0,0,1,0,0
301.93954,1,114887.272757,0,0,0,0,1
391.778864,1,114888.179751,0,0,0,0,1
197.565942,10,114896.081029,0,0,1,0,0
301.931002,1,114896.851254,0,0,0,0,1
301.931002,1,114897.622929,0,0,0,0,1
-202.495128,15,114908.509132,1,0,0,0,0
301.947109,1,114910.011637,0,0,0,0,1
301.931002,1,114910.790689,0,0,0,0,1
-326.586446,60,115075.027766,0,0,1,0,0
391.863408,1,115076.157708,0,0,0,0,1
294.129458,1,115078.511651,0,0,1,0,0
391.931002,1,115079.570955,0,0,0,0,1
391.881733,1,115081.740689,0,0,1,0,0
874.154174,11,115089.725679,0,0,0,0,1
391.931003,1,115090.601889,0,0,0,0,1
95.035384,38,115135.031201,0,0,1,0,0
-414.663258,8,115138.07091,0,0,1,0,0
301.826743,1,115138.89791,0,0,0,0,1
-340.800564,7,117728.382298,0,0,1,0,0
391.800053,1,117729.634172,0,0,0,0,1
-156.079798,1,117740.511898,0,0,1,0,0
-230.984628,11,117748.597416,0,0,1,0,0
-78.763172,15,117760.565025,0,0,1,0,0
391.778864,1,117761.436895,0,0,0,0,1
-184.654137,52,117950.772619,0,0,1,0,0
301.93954,1,117951.564402,0,0,0,0,1
301.99729,1,117952.368764,0,0,0,0,1
301.93954,1,117953.161222,0,0,0,0,1
-134.714764,25,117965.420269,0,0,1,0,0
301.778864,1,117966.352363,0,0,0,0,1
391.93954,1,117967.113796,0,0,0,0,1
179.240961,14,117975.739451,0,0,1,0,0
381.991637,1,117977.895665,0,0,0,0,1
391.82862,1,117978.735046,0,0,0,0,1
384.129458,1,117980.400394,0,0,1,0,0
391.93954,1,117981.15467,0,0,0,0,1
-148.202398,9,117991.053344,0,0,1,0,0
-580.191341,59,118098.274412,0,0,1,0,0
391.778864,1,118099.188497,0,0,0,0,1
-435.338772,9,118115.738662,0,0,1,0,0
-123.09335,15,118123.819262,0,0,1,0,0
278.837695,33,118144.894193,0,0,1,0,0
294.129458,1,118146.919548,0,0,1,0,0
391.93954,1,118147.654002,0,0,0,0,1
1132.503733,17,118158.351866,0,0,0,0,1
-233.181436,9,118166.817964,0,0,1,0,0
301.931002,1,118167.612607,0,0,0,0,1
301.778864,1,118168.473654,0,0,0,0,1
-96.508152,24,118173.543975,0,0,1,0,0
301.82862,1,118174.348496,0,0,0,0,1
301.859287,1,118175.029011,1,0,0,0,0
301.826743,1,118175.892276,0,0,0,0,1
-117.001753,17,118179.992227,0,0,1,0,0
301.931002,1,118180.790655,0,0,0,0,1
-72.102339,2,118182.335805,0,0,1,0,0
391.939542,1,118183.188797,0,0,0,0,1
95.307944,15,118197.129911,0,0,1,0,0
301.826743,1,118197.978463,0,0,0,0,1
-205.136397,3,118200.871205,0,0,1,0,0
301.82862,1,118201.715393,0,0,0,0,1
301.881733,1,118203.904922,0,0,1,0,0
391.90969,1,118206.076288,0,0,1,0,0
301.863408,1,118206.928474,0,0,0,0,1
391.939541,1,118207.788573,0,0,0,0,1
391.82862,1,118208.948612,0,0,0,0,1
301.778864,1,118209.845467,0,0,0,0,1
-184.005393,40,118227.35614,0,0,1,0,0
391.778863,1,118234.152003,0,0,0,0,1
-44.194278,19,118238.908143,0,0,1,0,0
-237.013053,12,118247.170381,0,0,1,0,0
246.723982,34,118291.95833,0,0,1,0,0
-341.462998,5,118362.810719,0,0,1,0,0
-61.086183,2,118442.747238,0,0,1,0,0
-234.507603,3,118720.730937,0,0,1,0,0
234.417772,25,119194.481241,0,0,1,0,0
391.800053,1,119195.701861,0,0,0,0,1
72.593029,8,119336.028636,0,0,1,0,0
-228.718491,12,119340.239721,0,0,1,0,0
-92.929239,15,119344.320085,0,0,1,0,0
301.931002,1,119345.06899,0,0,0,0,1
381.846563,1,119346.467449,0,0,1,0,0
301.826743,1,119347.345206,0,0,0,0,1
-104.373855,7,119612.82538,0,0,1,0,0
301.859287,1,119613.690967,1,0,0,0,0
-332.539942,33,119682.465017,0,0,1,0,0
-178.898113,26,119688.499309,0,0,1,0,0
21.614283,54,119963.179457,0,0,1,0,0
-70.399532,21,119971.166459,0,0,1,0,0
-135.02774,23,119976.908462,1,0,0,0,0
301.863408,1,119977.725038,0,0,0,0,1
242.632861,47,120009.653866,0,0,1,0,0
-229.914605,7,120012.385825,0,0,1,0,0
301.863408,1,120013.264234,0,0,0,0,1
301.99729,1,120014.071272,0,0,0,0,1
-62.564611,17,120022.695775,0,0,1,0,0
-177.943641,6,120024.522366,0,0,1,0,0
-356.909194,56,120863.46521,0,0,1,0,0
301.977188,1,120865.207801,0,0,0,0,1
301.968284,1,120866.155727,0,0,0,0,1
-169.486955,2,120867.504785,0,0,1,0,0
301.800053,1,120868.296154,0,0,0,0,1
-199.964646,43,120880.2943,0,0,1,0,0
301.800053,1,120881.062045,0,0,0,0,1
-89.595313,8,120884.050447,0,0,1,0,0
301.826743,1,120885.09954,0,0,0,0,1
391.99729,1,120885.89031,0,0,0,0,1
301.800053,1,120886.709872,0,0,0,0,1
301.888918,1,120887.584164,0,0,1,0,0
-316.252679,6,120991.366478,0,0,1,0,0
381.90969,1,120993.568715,0,0,1,0,0
384.129458,1,120995.245445,0,0,1,0,0
301.778864,1,120996.117475,0,0,0,0,1
99.54813,22,121008.017168,0,0,1,0,0
-146.999731,4,121144.323833,0,0,1,0,0
301.931002,1,121145.315416,0,0,0,0,1
-52.659854,23,121155.547374,0,0,1,0,0
-233.536531,13,121159.236807,0,0,1,0,0
391.93954,1,121160.023405,0,0,0,0,1
-345.494401,43,121195.851364,0,0,1,0,0
294.129458,1,121198.201174,0,0,1,0,0
285.68963,40,121231.74589,1,0,0,0,0
301.826743,1,121232.655495,0,0,0,0,1
573.384693,27,121250.932837,1,0,0,0,0
135.424379,37,121277.313805,0,0,1,0,0
-99.903325,15,121285.424377,0,0,1,0,0
-226.666794,11,121294.197428,0,0,1,0,0
-72.906695,4,121302.577875,0,0,1,0,0
301.82862,1,121303.401218,0,0,0,0,1
-284.746626,6,121306.673772,0,0,1,0,0
301.863408,1,121307.482107,0,0,0,0,1
301.968284,1,121308.453107,0,0,0,0,1
-41.139803,27,121315.945486,0,0,1,0,0
-286.792934,6,121319.191616,0,0,1,0,0
-243.566879,44,121339.596108,1,0,0,0,0
301.863408,1,121340.463256,0,0,0,0,1
-136.86407,62,122515.903216,0,0,1,0,0
-94.231214,13,122521.787593,0,0,1,0,0
-82.085578,28,122531.896905,0,0,1,0,0
-301.79971,24,122543.714412,0,0,1,0,0
-102.48316,13,122548.836283,0,0,1,0,0
-18.776634,25,122563.161399,0,0,1,0,0
-140.520206,37,122570.989755,0,0,1,0,0
301.859287,1,122571.634713,1,0,0,0,0
-229.498609,7,122574.515026,0,0,1,0,0
-272.558532,5,122630.486594,0,0,1,0,0
-131.452127,14,122642.762649,0,0,1,0,0
-202.495128,15,122647.785971,1,0,0,0,0
451.012046,20,122658.949968,0,0,0,0,1
-303.305947,41,122667.265991,0,0,1,0,0
-436.096292,9,122683.89489,0,0,1,0,0
391.831122,1,122690.5967,0,0,0,0,1
301.888918,1,122691.467759,0,0,1,0,0
301.800053,1,122692.315912,0,0,0,0,1
391.778864,1,122693.2924,0,0,0,0,1
391.931,1,122694.182971,0,0,0,0,1
-235.990095,9,122699.667025,0,0,1,0,0
301.93954,1,122700.472183,0,0,0,0,1
-74.284836,12,123020.534979,0,0,1,0,0
391.881733,1,123022.68924,0,0,1,0,0
455.575618,24,123033.66877,0,0,0,0,1
301.931002,1,123034.403184,0,0,0,0,1
391.931002,1,123035.193938,0,0,0,0,1
301.800053,1,123036.022524,0,0,0,0,1
301.800053,1,123036.834921,0,0,0,0,1
15.901772,11,123351.773895,0,0,1,0,0
294.129458,1,123353.930935,0,0,1,0,0
-133.097522,15,123360.449706,0,0,1,0,0
-115.323143,23,123377.71321,0,0,1,0,0
301.800053,1,123378.487606,0,0,0,0,1
-156.071736,1,123387.211816,0,0,1,0,0
-232.591001,23,123401.518799,0,0,1,0,0
391.939539,1,123402.389718,0,0,0,0,1
-167.999267,1,123404.367861,1,0,0,0,0
-220.207428,10,123406.845385,0,0,1,0,0
-233.118559,9,123408.952184,0,0,1,0,0
301.82862,1,123409.765793,0,0,0,0,1
391.888919,1,123410.753742,0,0,1,0,0
391.93954,1,123411.56354,0,0,0,0,1
301.991637,1,123413.768835,0,0,0,0,1
-278.71657,32,123582.853071,0,0,1,0,0
-289.920732,6,123665.486523,0,0,1,0,0
301.800053,1,123666.322549,0,0,0,0,1
-218.138779,37,123701.739254,0,0,1,0,0
301.778864,1,123702.668697,0,0,0,0,1
-227.158717,10,123855.441336,0,0,1,0,0
-220.567473,9,123857.416042,0,0,1,0,0
391.93954,1,123858.432155,0,0,0,0,1
-223.987719,8,123860.22183,0,0,1,0,0
-87.743572,22,123882.652765,0,0,1,0,0
391.881733,1,123884.7061,0,0,1,0,0
-280.50457,13,123888.712505,0,0,1,0,0
301.852829,1,123889.836925,0,0,1,0,0
-37.169304,43,123912.93719,1,0,0,0,0
-113.528985,30,123926.922779,0,0,1,0,0
301.859287,1,123927.600242,1,0,0,0,0
301.938687,1,123929.599302,0,0,0,0,1
-133.327743,31,123946.615129,1,0,0,0,0
-204.258946,33,123952.879334,0,0,1,0,0
301.931002,1,123953.662076,0,0,0,0,1
-127.01634,12,123961.015682,0,0,1,0,0
301.859289,1,123961.76172,1,0,0,0,0
385.257031,34,124006.989014,1,0,0,0,0
-182.463444,15,124023.522785,0,0,1,0,0
-265.957023,4,124307.871538,0,0,1,0,0
-61.682103,18,124321.009508,0,0,1,0,0
-176.524114,30,124346.720371,0,0,1,0,0
18.438731,19,124358.665998,0,0,1,0,0
-56.514195,4,124495.237238,0,0,1,0,0
440.855303,14,124507.456032,0,0,1,0,0
228.390136,39,124634.14119,0,0,1,0,0
122.953519,33,124642.783318,0,0,1,0,0
-4.649795,4,124646.532879,0,0,1,0,0
-74.040198,10,124650.267757,0,0,1,0,0
-108.826143,11,124654.207161,0,0,1,0,0
-344.103794,42,124881.087663,0,0,1,0,0
-169.690032,2,124882.873928,0,0,1,0,0
301.931002,1,124883.651858,0,0,0,0,1
301.931002,1,124884.455374,0,0,0,0,1
381.881734,1,124886.451748,0,0,1,0,0
301.881733,1,124888.627554,0,0,1,0,0
301.826743,1,124889.473195,0,0,0,0,1
391.93954,1,124890.247531,0,0,0,0,1
301.82862,1,124891.1247,0,0,0,0,1
301.888918,1,124892.019905,0,0,1,0,0
301.931002,1,124892.840924,0,0,0,0,1
61.355065,22,124906.09784,1,0,0,0,0
-546.412749,12,124911.23839,0,0,1,0,0
301.800053,1,124912.021863,0,0,0,0,1
-53.692829,15,124929.558481,0,0,1,0,0
-221.78598,9,124931.571186,0,0,1,0,0
391.800053,1,124932.670185,0,0,0,0,1
301.800053,1,124933.489712,0,0,0,0,1
301.99729,1,124934.29572,0,0,0,0,1
391.778864,1,124935.199841,0,0,0,0,1
-116.415334,24,124943.061318,0,0,1,0,0
381.846563,1,124944.442585,0,0,1,0,0
191.882609,12,125259.194365,0,0,1,0,0
391.863407,1,125260.311446,0,0,0,0,1
301.881733,1,125262.478124,0,0,1,0,0
391.778863,1,125263.642317,0,0,0,0,1
301.82862,1,125264.527046,0,0,0,0,1
301.920203,1,125266.675492,0,0,0,0,1
-110.968218,6,125343.313164,0,0,1,0,0
-3.203373,14,125351.686375,0,0,1,0,0
391.826743,1,125352.558754,0,0,0,0,1
301.82862,1,125353.421202,0,0,0,0,1
-405.722008,8,125370.341522,0,0,1,0,0
391.931003,1,125371.175724,0,0,0,0,1
301.909529,1,125371.985305,0,0,0,0,1
301.826743,1,125372.877862,0,0,0,0,1
391.931002,1,125373.924174,0,0,0,0,1
391.778864,1,125374.810083,0,0,0,0,1
-281.89721,30,125391.679454,0,0,1,0,0
-128.738403,10,125397.370822,0,0,1,0,0
472.31122,49,125425.349762,1,0,0,0,0
-202.673269,57,125443.699178,0,0,1,0,0
301.90969,1,125451.856182,0,0,1,0,0
391.99729,1,125452.734008,0,0,0,0,1
-205.087411,3,125455.637276,0,0,1,0,0
-333.248866,37,125472.786771,0,0,1,0,0
-226.173503,8,125478.152875,0,0,1,0,0
391.82862,1,125479.051769,0,0,0,0,1
279.1799,21,125499.267396,1,0,0,0,0
-224.786022,9,125501.559525,0,0,1,0,0
-231.031539,9,125503.906757,0,0,1,0,0
465.512642,29,125523.627944,0,0,1,0,0
301.826743,1,125524.876046,0,0,0,0,1
391.778864,1,125525.752019,0,0,0,0,1
-153.388102,1,125526.758199,0,0,1,0,0
-208.208536,3,126731.778481,1,0,0,0,0
301.991637,1,126734.073217,0,0,0,0,1
44.08063,23,126857.66051,1,0,0,0,0
148.258076,25,126873.206701,0,0,1,0,0
-230.958008,10,126875.801834,0,0,1,0,0
391.800053,1,126876.588812,0,0,0,0,1
301.888918,1,126877.476221,0,0,1,0,0
301.93954,1,126878.294819,0,0,0,0,1
-224.316832,28,127352.101562,0,0,1,0,0
-94.55859,4,127355.910728,0,0,1,0,0
301.968284,1,127356.834955,0,0,0,0,1
301.931002,1,127357.675863,0,0,0,0,1
-227.012971,8,127359.571038,0,0,1,0,0
-322.871269,5,127418.907696,0,0,1,0,0
301.826743,1,127419.830387,0,0,0,0,1
381.881733,1,127421.83897,0,0,1,0,0
301.826743,1,127422.697374,0,0,0,0,1
301.863408,1,127423.56712,0,0,0,0,1
-97.102498,9,127426.900809,0,0,1,0,0
381.881733,1,127429.050458,0,0,1,0,0
391.93954,1,127429.975849,0,0,0,0,1
301.931002,1,127430.782636,0,0,0,0,1
301.800053,1,127431.58946,0,0,0,0,1
301.945781,1,127433.141664,0,0,0,0,1
301.99729,1,127433.92875,0,0,0,0,1
301.800053,1,127434.771406,0,0,0,0,1
-93.598229,44,127467.762113,0,0,1,0,0
301.826743,1,127468.705816,0,0,0,0,1
391.800053,1,127469.514942,0,0,0,0,1
-108.762028,8,127638.547434,0,0,1,0,0
-112.252472,23,127650.471595,1,0,0,0,0
301.93954,1,127651.291914,0,0,0,0,1
-226.208955,8,127654.634289,0,0,1,0,0
301.93954,1,127655.474004,0,0,0,0,1
301.99729,1,127656.291032,0,0,0,0,1
-340.039203,5,127727.309614,0,0,1,0,0
-99.653522,5,127823.402001,0,0,1,0,0
301.968284,1,127824.40837,0,0,0,0,1
-110.905481,25,127911.77122,0,0,1,0,0
301.93954,1,127912.578593,0,0,0,0,1
301.99729,1,127913.402121,0,0,0,0,1
391.888917,1,127914.387662,0,0,1,0,0
-61.011575,1,127922.366881,0,0,1,0,0
-109.228687,10,127926.603956,0,0,1,0,0
391.778864,1,127927.458444,0,0,0,0,1
-27.404683,32,127937.770526,0,0,1,0,0
-136.98039,42,127956.83118,1,0,0,0,0
384.129458,1,127958.463329,0,0,1,0,0
-148.491557,4,128096.352024,0,0,1,0,0
-225.76,21,128106.241475,0,0,1,0,0
301.888918,1,128107.131971,0,0,1,0,0
301.93954,1,128107.967056,0,0,0,0,1
-176.767641,4,128398.614428,0,0,1,0,0
-275.333004,5,128489.873032,1,0,0,0,0
391.863408,1,128490.732117,0,0,0,0,1
2.41002,21,128496.740474,0,0,1,0,0
301.931002,1,128497.474932,0,0,0,0,1
-242.863882,11,128501.753135,0,0,1,0,0
-239.082543,16,128509.195115,0,0,1,0,0
-168.002877,1,128511.168654,1,0,0,0,0
-214.513849,15,128516.393847,0,0,1,0,0
-133.232737,12,128521.540392,0,0,1,0,0
301.931002,1,128522.282094,0,0,0,0,1
-296.211108,31,128534.130087,0,0,1,0,0
294.129458,1,128536.275659,0,0,1,0,0
362.17721,22,128547.47782,0,0,0,0,1
301.931002,1,128548.261057,0,0,0,0,1
90.194189,11,128866.082866,0,0,1,0,0
-141.946048,18,128875.014842,0,0,1,0,0
381.846563,1,128876.433519,0,0,1,0,0
461.815252,15,128893.326038,0,0,1,0,0
148.006509,14,128906.528249,0,0,1,0,0
-219.960679,8,128909.858769,0,0,1,0,0
301.773494,1,128912.447721,0,0,1,0,0
-57.521041,41,128940.934339,0,0,1,0,0
384.129458,1,128942.597774,0,0,1,0,0
-128.873079,13,128968.771482,0,0,1,0,0
-341.565173,5,129045.632185,0,0,1,0,0
301.800053,1,129046.503149,0,0,0,0,1
301.826743,1,129047.411398,0,0,0,0,1
301.778864,1,129048.307715,0,0,0,0,1
314.926939,21,129062.181159,0,0,1,0,0
-640.781074,55,129109.549486,1,0,0,0,0
301.931002,1,129110.416217,0,0,0,0,1
301.881733,1,129112.401435,0,0,1,0,0
301.826743,1,129113.246712,0,0,0,0,1
-113.33315,25,129119.455063,0,0,1,0,0
-282.579391,6,129122.603116,0,0,1,0,0
301.800053,1,129123.368313,0,0,0,0,1
-115.37676,17,129131.663986,0,0,1,0,0
-271.824899,5,129193.855905,0,0,1,0,0
391.863408,1,129195.100893,0,0,0,0,1
-37.258654,28,129231.439498,0,0,1,0,0
-92.01583,10,129235.798697,0,0,1,0,0
-200.868934,35,129246.514344,0,0,1,0,0
-74.032642,14,129565.621275,0,0,1,0,0
301.778864,1,129566.4972,0,0,0,0,1
692.31979,10,129574.219232,0,0,0,0,1
301.931002,1,129574.977546,0,0,0,0,1
391.99729,1,129575.849195,0,0,0,0,1
301.93954,1,129576.653018,0,0,0,0,1
-69.335061,43,129617.401489,1,0,0,0,0
301.800053,1,129618.217121,0,0,0,0,1
391.93954,1,129619.359844,0,0,0,0,1
197.25111,10,129627.286226,0,0,1,0,0
-4.532561,4,129631.090201,0,0,1,0,0
301.99729,1,129631.852854,0,0,0,0,1
391.778864,1,129639.101468,0,0,0,0,1
-135.668692,6,129737.113789,0,0,1,0,0
301.82862,1,129738.022002,0,0,0,0,1
-205.124863,3,129740.999795,0,0,1,0,0
603.281539,11,129749.16508,0,0,0,0,1
301.977188,1,129750.667617,0,0,0,0,1
-199.95304,11,129761.761556,0,0,1,0,0
-260.935658,5,157826.516502,0,0,1,0,0
301.881733,1,157828.744602,0,0,1,0,0
301.800053,1,157829.537871,0,0,0,0,1
311.367185,19,157838.392086,0,0,1,0,0
-141.143116,13,157842.063217,0,0,1,0,0
301.90969,1,157844.202888,0,0,1,0,0
301.859287,1,157844.883968,1,0,0,0,0
-81.171411,16,157849.71443,0,0,1,0,0
127.601741,29,157867.887366,0,0,1,0,0
301.99729,1,157868.670041,0,0,0,0,1
-126.053943,11,157876.958004,0,0,1,0,0
-121.582372,22,158043.529809,1,0,0,0,0
301.947109,1,158045.053804,0,0,0,0,1
-220.971668,7,158129.139894,0,0,1,0,0
-168.018549,1,158131.081904,1,0,0,0,0
-91.639402,16,158137.336733,0,0,1,0,0
301.93954,1,158138.07495,0,0,0,0,1
-115.072618,29,158160.780828,0,0,1,0,0
301.931002,1,158161.546047,0,0,0,0,1
-310.331747,7,158245.349279,0,0,1,0,0
301.863408,1,158246.170781,0,0,0,0,1
301.82862,1,158247.063037,0,0,0,0,1
391.93954,1,158247.951139,0,0,0,0,1
391.93954,1,158248.811937,0,0,0,0,1
301.931002,1,158249.638614,0,0,0,0,1
-24.529524,26,158263.369407,0,0,1,0,0
-156.071736,1,158272.066276,0,0,1,0,0
-120.962093,36,158287.961225,0,0,1,0,0
-508.859705,36,158323.611357,0,0,1,0,0
-163.474597,33,158333.061865,0,0,1,0,0
301.863408,1,158333.90259,0,0,0,0,1
-316.366844,6,158431.994637,0,0,1,0,0
-71.677505,33,158504.448275,0,0,1,0,0
301.888918,1,158505.356326,0,0,1,0,0
-225.446919,8,158507.143436,0,0,1,0,0
301.881733,1,158509.140765,0,0,1,0,0
-223.735986,6,158610.58307,0,0,1,0,0
-86.890932,10,159080.723304,0,0,1,0,0
-231.952028,11,159089.326508,0,0,1,0,0
301.931002,1,159090.110368,0,0,0,0,1
391.888918,1,159091.08393,0,0,1,0,0
-87.891347,38,159120.45651,0,0,1,0,0
-226.084193,12,159124.223315,0,0,1,0,0
102.917197,26,159145.352706,0,0,1,0,0
310.912428,16,159151.90041,1,0,0,0,0
-576.775123,13,159155.156636,0,0,1,0,0
-225.670845,11,159157.800015,0,0,1,0,0
-220.279925,6,159253.281116,0,0,1,0,0
315.830358,23,159266.793383,0,0,1,0,0
38.167616,26,159367.708436,0,0,1,0,0
301.931002,1,159368.53944,0,0,0,0,1
391.863408,1,159369.506952,0,0,0,0,1
301.826743,1,159376.323081,0,0,0,0,1
828.707492,45,159406.448506,0,0,1,0,0
301.931002,1,159407.259222,0,0,0,0,1
-143.854279,11,159411.858852,0,0,1,0,0
-323.531184,5,159465.509228,0,0,1,0,0
-288.106895,6,159541.888078,0,0,1,0,0
374.129458,1,159544.307433,0,0,1,0,0
-131.68813,24,159553.682746,1,0,0,0,0
-168.227363,29,159571.423349,0,0,1,0,0
-175.136979,19,159577.36116,1,0,0,0,0
301.938687,1,159579.421396,0,0,0,0,1
-20.554218,12,159588.580396,0,0,1,0,0
-339.887224,39,159598.467876,0,0,1,0,0
-233.360872,10,159600.986054,0,0,1,0,0
-77.98047,29,159607.75648,0,0,1,0,0
-197.753287,10,159675.99392,0,0,1,0,0
-217.585024,9,159678.048819,0,0,1,0,0
391.800053,1,159679.211008,0,0,0,0,1
-95.018187,23,159693.735836,0,0,1,0,0
128.952298,31,159884.792384,0,0,1,0,0
294.129458,1,159886.609614,0,0,1,0,0
1030.36612,40,159906.855664,0,0,1,0,0
-126.879617,13,159912.080409,0,0,1,0,0
-151.121826,2,159976.930109,0,0,1,0,0
301.93954,1,159977.849651,0,0,0,0,1
391.931002,1,159978.666129,0,0,0,0,1
294.129458,1,159981.015539,0,0,1,0,0
301.931002,1,159981.776072,0,0,0,0,1
301.920203,1,159983.917333,0,0,0,0,1
301.931002,1,159984.705742,0,0,0,0,1
301.863408,1,159985.569165,0,0,0,0,1
301.800053,1,159986.409482,0,0,0,0,1
-198.104957,32,160009.156418,0,0,1,0,0
301.968284,1,160010.167574,0,0,0,0,1
79.276239,18,160030.617547,0,0,1,0,0
-246.678391,54,160066.102117,0,0,1,0,0
285.88379,25,160083.122712,0,0,1,0,0
301.968284,1,160084.079026,0,0,0,0,1
301.968284,1,160085.104079,0,0,0,0,1
842.913253,41,160343.552149,0,0,1,0,0
301.82862,1,160344.388737,0,0,0,0,1
301.931002,1,160345.189299,0,0,0,0,1
504.942959,20,160872.815027,0,0,1,0,0
-185.363932,5,160962.34786,1,0,0,0,0
-275.777637,5,161052.347795,1,0,0,0,0
301.778864,1,161053.230042,0,0,0,0,1
-283.220953,6,161056.452796,0,0,1,0,0
-282.038709,13,161060.276859,0,0,1,0,0
301.773494,1,161062.893224,0,0,1,0,0
-117.388018,20,161072.778528,0,0,1,0,0
-297.40441,13,161077.355716,0,0,1,0,0
-62.799237,4,161085.535651,0,0,1,0,0
391.800053,1,161086.293479,0,0,0,0,1
301.968284,1,161087.262457,0,0,0,0,1
-88.892535,40,161183.982996,0,0,1,0,0
301.931002,1,161184.844181,0,0,0,0,1
211.159313,16,161642.078406,0,0,1,0,0
-12.154934,31,161655.897967,0,0,1,0,0
391.888918,1,161656.718948,0,0,1,0,0
391.82862,1,161657.714723,0,0,0,0,1
301.93954,1,161658.516042,0,0,0,0,1
-435.827184,9,161675.188599,0,0,1,0,0
301.863408,1,161682.01438,0,0,0,0,1
-155.400135,38,161690.944715,0,0,1,0,0
391.826744,1,161691.862133,0,0,0,0,1
2.33152,26,161863.471732,0,0,1,0,0
-234.756103,10,161867.67239,0,0,1,0,0
301.778864,1,161868.57764,0,0,0,0,1
160.684158,9,161876.036368,0,0,1,0,0
301.826743,1,161876.911661,0,0,0,0,1
-337.548059,46,161894.103984,0,0,1,0,0
-208.239953,3,163098.11308,1,0,0,0,0
301.778864,1,163099.091115,0,0,0,0,1
381.90969,1,163107.337268,0,0,1,0,0
391.826743,1,163108.203954,0,0,0,0,1
301.931002,1,163108.991612,0,0,0,0,1
391.93954,1,163109.861812,0,0,0,0,1
301.778864,1,163110.771066,0,0,0,0,1
391.826743,1,163111.650253,0,0,0,0,1
-204.309392,3,163114.557343,0,0,1,0,0
241.785334,35,163139.190992,0,0,1,0,0
-211.949807,33,163154.086668,0,0,1,0,0
227.919022,36,163173.616176,1,0,0,0,0
-239.023531,9,163176.259367,0,0,1,0,0
301.93954,1,163177.036357,0,0,0,0,1
-162.16604,2,163178.043302,1,0,0,0,0
391.881732,1,163180.256034,0,0,1,0,0
301.826743,1,163181.101082,0,0,0,0,1
264.283837,50,163329.787773,1,0,0,0,0
-288.313881,6,163333.017779,0,0,1,0,0
391.90969,1,163335.23488,0,0,1,0,0
301.977188,1,163336.727962,0,0,0,0,1
-94.476571,4,163340.593667,0,0,1,0,0
391.997289,1,163341.667585,0,0,0,0,1
294.129458,1,163343.785233,0,0,1,0,0
-275.453988,5,163434.084695,1,0,0,0,0
11.871881,26,163445.411737,0,0,1,0,0
-176.486817,27,163481.631398,0,0,1,0,0
391.931002,1,163482.375252,0,0,0,0,1
-156.071736,1,163491.154056,0,0,1,0,0
301.852829,1,163492.285084,0,0,1,0,0
-226.216302,8,163497.744077,0,0,1,0,0
-115.732892,38,163513.507998,0,0,1,0,0
-229.067995,7,163516.415583,0,0,1,0,0
861.901911,41,163543.074661,0,0,1,0,0
546.427699,19,163551.660177,0,0,0,0,1
-3.945878,25,163564.52963,0,0,1,0,0
-1193.479425,48,163587.408208,0,0,1,0,0
301.826743,1,163588.264642,0,0,0,0,1
236.203359,15,163604.344104,0,0,1,0,0
391.931001,1,163605.330084,0,0,0,0,1
-109.763792,18,163617.102608,1,0,0,0,0
301.826743,1,163618.060949,0,0,0,0,1
391.800053,1,163618.87583,0,0,0,0,1
-390.849029,57,163647.896493,0,0,1,0,0
391.863408,1,163649.078935,0,0,0,0,1
-326.104715,5,163702.719004,0,0,1,0,0
391.881732,1,163704.936239,0,0,1,0,0
391.93954,1,163705.703543,0,0,0,0,1
301.778864,1,163706.614879,0,0,0,0,1
-220.85517,6,163802.062381,0,0,1,0,0
391.846563,1,163803.55309,0,0,1,0,0
-244.257341,14,163808.643103,0,0,1,0,0
193.138584,13,163821.471731,0,0,1,0,0
301.826743,1,163822.31473,0,0,0,0,1
397.990231,23,163837.331933,1,0,0,0,0
301.800053,1,163838.120944,0,0,0,0,1
374.129458,1,163840.239794,0,0,1,0,0
-140.85858,29,163859.108011,0,0,1,0,0
-111.933034,29,163899.350752,0,0,1,0,0
-176.795797,32,164347.207076,0,0,1,0,0
-189.557149,14,164358.093863,0,0,1,0,0
111.302231,28,164382.132245,1,0,0,0,0
-43.105557,16,164394.424818,0,0,1,0,0
-295.726841,39,164407.744738,0,0,1,0,0
391.778864,1,164408.749906,0,0,0,0,1
-290.465477,14,164412.801924,0,0,1,0,0
301.826743,1,164413.730814,0,0,0,0,1
301.831123,1,164414.589537,0,0,0,0,1
391.778864,1,164415.578725,0,0,0,0,1
391.846565,1,164416.999063,0,0,1,0,0
301.800053,1,164417.813902,0,0,0,0,1
301.93954,1,164418.634355,0,0,0,0,1
-188.221126,7,164420.802577,0,0,1,0,0
301.881733,1,164423.025873,0,0,1,0,0
301.82862,1,164423.871549,0,0,0,0,1
301.778864,1,164424.789615,0,0,0,0,1
301.800053,1,164425.600659,0,0,0,0,1
-228.472146,9,164427.840853,0,0,1,0,0
301.90969,1,164430.012035,0,0,1,0,0
391.888918,1,164430.881756,0,0,1,0,0
391.82862,1,164431.785398,0,0,0,0,1
-323.684173,32,164446.934672,0,0,1,0,0
301.931002,1,164447.769594,0,0,0,0,1
391.931001,1,164448.64403,0,0,0,0,1
160.06512,51,164468.684296,0,0,1,0,0
301.778864,1,164469.599361,0,0,0,0,1
-81.61614,9,164472.450614,0,0,1,0,0
301.93954,1,164473.191009,0,0,0,0,1
301.99729,1,164474.013014,0,0,0,0,1
-281.669434,6,164477.332146,0,0,1,0,0
-218.595046,8,164479.361751,0,0,1,0,0
301.931002,1,164480.109857,0,0,0,0,1
301.888918,1,164480.972538,0,0,1,0,0
206.281782,17,164494.37134,0,0,1,0,0
-134.007447,13,164501.338787,0,0,1,0,0
391.863408,1,164502.286204,0,0,0,0,1
391.99729,1,164503.107552,0,0,0,0,1
-341.565173,5,164574.107715,0,0,1,0,0
-582.020754,50,164619.526891,0,0,1,0,0
200.627921,16,164631.216997,0,0,1,0,0
301.90969,1,164633.447915,0,0,1,0,0
-34.028757,43,164651.369779,0,0,1,0,0
301.931002,1,164652.137151,0,0,0,0,1
-162.16604,2,164653.126212,1,0,0,0,0
301.863408,1,164654.018318,0,0,0,0,1
301.90969,1,164656.185417,0,0,1,0,0
301.99729,1,164656.984643,0,0,0,0,1
301.778864,1,164657.919571,0,0,0,0,1
301.859287,1,164658.614244,1,0,0,0,0
-178.041191,27,164681.618069,0,0,1,0,0
-41.839799,10,164695.525935,0,0,1,0,0
301.968284,1,164696.592302,0,0,0,0,1
301.778864,1,164697.562114,0,0,0,0,1
-227.128952,8,164703.059612,0,0,1,0,0
242.128961,6,164827.305104,0,0,1,0,0
-22.041007,22,164850.785447,0,0,1,0,0
391.99729,1,164851.581894,0,0,0,0,1
19.514969,28,164864.294643,1,0,0,0,0
381.881735,1,164866.282043,0,0,1,0,0
-290.277166,6,164942.496732,0,0,1,0,0
294.129458,1,164944.226402,0,0,1,0,0
301.991637,1,164952.420544,0,0,0,0,1
-101.700301,10,164961.357169,0,0,1,0,0
-399.270575,27,164969.462481,0,0,1,0,0
-229.924703,9,164971.23386,0,0,1,0,0
85.213385,4,164988.794981,0,0,1,0,0
-385.111077,18,165001.278673,0,0,1,0,0
-159.922976,1,165108.48176,0,0,1,0,0
-103.393291,26,165118.611849,1,0,0,0,0
301.863408,1,165119.466947,0,0,0,0,1
386.185421,13,165459.174293,0,0,1,0,0
301.826743,1,165460.30704,0,0,0,0,1
391.826743,1,165461.311679,0,0,0,0,1
-222.061374,9,165463.335852,0,0,1,0,0
-51.213931,34,165472.161174,0,0,1,0,0
-259.489981,5,165548.136655,0,0,1,0,0
-233.126625,11,165551.620967,0,0,1,0,0
-106.996795,10,165554.55804,0,0,1,0,0
301.99729,1,165555.317515,0,0,0,0,1
724.587171,37,165578.357276,1,0,0,0,0
391.99729,1,165579.167344,0,0,0,0,1
409.554155,15,165593.966785,0,0,1,0,0
-69.735605,1,165596.948868,0,0,1,0,0
290.541298,14,165920.23566,0,0,1,0,0
-226.739601,21,165929.173384,0,0,1,0,0
391.997289,1,165930.305893,0,0,0,0,1
301.826743,1,165931.211148,0,0,0,0,1
301.826743,1,165932.092199,0,0,0,0,1
-41.603974,20,165945.295861,0,0,1,0,0
17.153738,21,165953.014189,0,0,1,0,0
301.863408,1,165953.85124,0,0,0,0,1
301.778864,1,165954.774601,0,0,0,0,1
-204.776488,3,165957.705769,0,0,1,0,0
301.931002,1,165958.491107,0,0,0,0,1
294.129458,1,165960.856704,0,0,1,0,0
-278.506825,14,165964.88877,0,0,1,0,0
391.93954,1,165965.767602,0,0,0,0,1
3.797232,26,166002.446245,0,0,1,0,0
-547.793572,12,166007.710481,0,0,1,0,0
391.997289,1,166008.551272,0,0,0,0,1
391.909691,1,166010.739263,0,0,1,0,0
301.881733,1,166012.743649,0,0,1,0,0
-404.473192,8,166035.959826,0,0,1,0,0
301.778864,1,166036.825462,0,0,0,0,1
-231.672401,19,166049.103406,0,0,1,0,0
-323.764995,5,166102.43783,0,0,1,0,0
301.826743,1,166103.368955,0,0,0,0,1
-166.285892,17,166109.479579,0,0,1,0,0
301.90969,1,166111.77107,0,0,1,0,0
301.931002,1,166112.578673,0,0,0,0,1
301.800053,1,166113.404363,0,0,0,0,1
391.99729,1,166114.227947,0,0,0,0,1
-109.370826,10,166117.323904,0,0,1,0,0
-327.343039,5,166171.118741,0,0,1,0,0
-64.408809,16,169430.177387,0,0,1,0,0
301.778864,1,169431.034347,0,0,0,0,1
-101.472616,11,169433.83281,0,0,1,0,0
119.927344,21,169456.307883,0,0,1,0,0
-224.319909,10,169463.850242,0,0,1,0,0
-24.441691,15,169480.876034,0,0,1,0,0
-348.186554,30,169492.547343,0,0,1,0,0
301.920203,1,169494.744673,0,0,0,0,1
-190.451596,6,169579.456597,0,0,1,0,0
-42.675485,21,169593.360732,0,0,1,0,0
-239.412563,11,169597.992842,0,0,1,0,0
301.82862,1,169598.887731,0,0,0,0,1
391.826743,1,169599.79236,0,0,0,0,1
-14.005672,42,169624.776105,0,0,1,0,0
391.778865,1,169625.733555,0,0,0,0,1
301.863408,1,169626.627723,0,0,0,0,1
-130.265242,12,169659.173035,0,0,1,0,0
301.991637,1,169661.371436,0,0,0,0,1
-221.054714,9,169663.385925,0,0,1,0,0
301.881733,1,169665.514728,0,0,1,0,0
391.846563,1,169666.906149,0,0,1,0,0
391.93954,1,169668.00898,0,0,0,0,1
-173.346205,24,169673.155114,1,0,0,0,0
358.162692,17,169688.443144,0,0,1,0,0
301.863408,1,169689.304424,0,0,0,0,1
301.977983,1,169690.873876,0,0,0,0,1
-58.838925,34,169711.367269,0,0,1,0,0
-123.23197,15,169724.715265,0,0,1,0,0
391.931,1,169725.53958,0,0,0,0,1
391.99729,1,169726.34093,0,0,0,0,1
494.732619,37,169748.757742,1,0,0,0,0
301.938687,1,169750.874105,0,0,0,0,1
-229.944577,9,169753.25629,0,0,1,0,0
-236.462432,14,169767.203696,0,0,1,0,0
-222.716887,10,169769.695077,0,0,1,0,0
301.90969,1,169771.820457,0,0,1,0,0
-165.733349,15,169778.638926,0,0,1,0,0
301.846563,1,169780.148501,0,0,1,0,0
391.778864,1,169781.060089,0,0,0,0,1
-207.999021,3,169894.656876,0,0,1,0,0
391.931002,1,169895.780712,0,0,0,0,1
301.99729,1,169896.586047,0,0,0,0,1
-153.152651,26,169909.143263,1,0,0,0,0
-225.626156,8,169910.900376,0,0,1,0,0
301.931002,1,169911.688332,0,0,0,0,1
391.968284,1,169912.64739,0,0,0,0,1
-205.085588,3,169915.640638,0,0,1,0,0
548.472755,27,169937.576509,0,0,1,0,0
-143.843392,3,170215.638695,0,0,1,0,0
-148.888033,28,170229.694722,1,0,0,0,0
301.968284,1,170230.702414,0,0,0,0,1
-226.245326,7,170315.545089,0,0,1,0,0
-168.146931,13,170319.172069,0,0,1,0,0
-98.182229,9,170325.595409,0,0,1,0,0
-44.033709,14,170336.026479,0,0,1,0,0
391.778864,1,170337.291687,0,0,0,0,1
391.99729,1,170338.110208,0,0,0,0,1
-223.456503,6,170440.656754,0,0,1,0,0
380.681699,15,170476.694553,0,0,1,0,0
-259.920416,5,201886.919137,0,0,1,0,0
294.129458,1,201888.908854,0,0,1,0,0
-35.996797,29,201995.241755,0,0,1,0,0
-279.67004,12,202000.293023,0,0,1,0,0
391.93954,1,202001.563157,0,0,0,0,1
-144.864194,36,202183.351213,1,0,0,0,0
294.129458,1,202185.632502,0,0,1,0,0
-231.009328,17,202195.660255,0,0,1,0,0
294.129458,1,202198.129528,0,0,1,0,0
-218.526491,6,202306.853086,0,0,1,0,0
301.99729,1,202307.847617,0,0,0,0,1
-226.665048,8,202311.305765,0,0,1,0,0
301.863408,1,202312.29789,0,0,0,0,1
-241.033586,4,202316.017004,0,0,1,0,0
-157.606509,40,202343.57525,0,0,1,0,0
301.778864,1,202344.492438,0,0,0,0,1
301.93954,1,202345.347513,0,0,0,0,1
301.881733,1,202347.893805,0,0,1,0,0
-117.141912,11,202351.943783,0,0,1,0,0
-68.795814,26,202362.144679,0,0,1,0,0
-242.293433,11,202366.688004,0,0,1,0,0
-169.362118,2,202367.992412,0,0,1,0,0
301.90969,1,202370.211244,0,0,1,0,0
-240.228221,4,202373.969325,0,0,1,0,0
-43.013942,19,202381.39362,0,0,1,0,0
301.977188,1,202382.986798,0,0,0,0,1
399.911776,31,202486.722113,0,0,1,0,0
391.800053,1,202487.646097,0,0,0,0,1
-230.152323,8,202490.497283,0,0,1,0,0
391.826743,1,202491.785496,0,0,0,0,1
-229.174347,6,202592.350005,0,0,1,0,0
655.699256,13,202936.016945,0,0,0,0,1
301.846563,1,202937.850458,0,0,1,0,0
301.82862,1,202938.835888,0,0,0,0,1
-88.724101,14,202943.148028,0,0,1,0,0
391.888918,1,202944.157704,0,0,1,0,0
-151.103298,2,203034.328856,0,0,1,0,0
-138.435712,19,203099.417,0,0,1,0,0
-323.468608,5,203155.363247,0,0,1,0,0
391.800053,1,203156.618311,0,0,0,0,1
-173.410433,19,203165.27145,0,0,1,0,0
5.076352,29,203185.120632,0,0,1,0,0
301.93954,1,203185.998451,0,0,0,0,1
301.846563,1,203187.506936,0,0,1,0,0
148.605482,28,203994.372813,0,0,1,0,0
-21.622106,14,204003.43971,0,0,1,0,0
-33.92152,25,204503.24239,0,0,1,0,0
410.499134,32,204526.304279,0,0,1,0,0
391.773496,1,204529.004978,0,0,1,0,0
391.99729,1,204529.859943,0,0,0,0,1
294.129458,1,204538.556843,0,0,1,0,0
-93.309817,11,204546.729469,0,0,1,0,0
301.778864,1,204547.768943,0,0,0,0,1
391.997289,1,204548.779528,0,0,0,0,1
-322.690853,5,204605.233219,0,0,1,0,0
301.800053,1,204606.191936,0,0,0,0,1
391.826743,1,204607.507667,0,0,0,0,1
391.93954,1,204608.705347,0,0,0,0,1
301.778864,1,204609.742134,0,0,0,0,1
301.800053,1,204610.610766,0,0,0,0,1
391.93954,1,204611.462096,0,0,0,0,1
-36.269123,25,204755.749281,0,0,1,0,0
-105.239697,38,204914.652821,0,0,1,0,0
-114.560219,20,204923.220615,1,0,0,0,0
-283.058995,6,204927.070368,0,0,1,0,0
391.939541,1,204928.204224,0,0,0,0,1
-82.182864,15,204933.595874,0,0,1,0,0
301.82862,1,204934.529143,0,0,0,0,1
-141.876534,13,204938.669265,0,0,1,0,0
294.129458,1,204941.053991,0,0,1,0,0
391.93954,1,204942.207375,0,0,0,0,1
391.778864,1,204943.324673,0,0,0,0,1
-312.044602,6,205043.76978,0,0,1,0,0
384.129458,1,205046.279398,0,0,1,0,0
-288.627416,46,205121.28626,0,0,1,0,0
384.129458,1,205123.652136,0,0,1,0,0
301.881733,1,205126.02182,0,0,1,0,0
-149.248366,51,205144.450447,1,0,0,0,0
-224.286384,11,205147.062554,0,0,1,0,0
301.931002,1,205147.904958,0,0,0,0,1
301.778864,1,205148.866533,0,0,0,0,1
10.172696,23,205282.270032,1,0,0,0,0
391.93954,1,205283.146533,0,0,0,0,1
391.826743,1,205284.120045,0,0,0,0,1
-183.420332,46,205306.427991,0,0,1,0,0
-485.548637,53,205325.855264,0,0,1,0,0
391.931002,1,205326.742845,0,0,0,0,1
391.93954,1,205327.890424,0,0,0,0,1
-124.772324,18,205348.637427,0,0,1,0,0
-152.840189,4,205360.225489,0,0,1,0,0
301.931002,1,205361.040134,0,0,0,0,1
-167.999267,1,205363.090173,1,0,0,0,0
-158.568844,12,205368.697063,0,0,1,0,0
-48.204878,15,205374.77589,0,0,1,0,0
-184.559346,4,205378.835765,0,0,1,0,0
391.80893,1,205379.739461,0,0,0,0,1
-92.499065,9,205663.036434,0,0,1,0,0
301.826743,1,205664.249725,0,0,0,0,1
-82.951616,19,205680.881922,0,0,1,0,0
1040.483321,24,205701.085909,0,0,0,0,1
301.800053,1,205701.956202,0,0,0,0,1
-61.383586,13,205711.687723,0,0,1,0,0
-86.509375,37,205729.635636,0,0,1,0,0
-233.031011,19,205740.473959,0,0,1,0,0
301.90969,1,205742.852852,0,0,1,0,0
185.865513,13,205752.220234,0,0,1,0,0
301.977188,1,205753.801659,0,0,0,0,1
202.47109,23,205772.070171,0,0,1,0,0
391.778864,1,205773.086599,0,0,0,0,1
391.800053,1,205774.081871,0,0,0,0,1
301.859287,1,205774.833263,1,0,0,0,0
294.129458,1,205777.340884,0,0,1,0,0
-323.764995,5,205840.202543,0,0,1,0,0
-172.868169,20,205854.606532,0,0,1,0,0
301.99729,1,205855.677411,0,0,0,0,1
-303.49556,32,206030.481091,0,0,1,0,0
391.800054,1,206031.860305,0,0,0,0,1
391.800053,1,206032.74861,0,0,0,0,1
-299.26346,46,206145.480199,0,0,1,0,0
150.705538,28,206177.137667,0,0,1,0,0
-144.190012,3,206463.745903,0,0,1,0,0
-22.131109,27,206476.221947,0,0,1,0,0
-348.186554,30,206488.217848,0,0,1,0,0
-153.390324,1,206489.394805,0,0,1,0,0
-435.463815,67,206516.850913,0,0,1,0,0
-173.717069,41,206559.61609,0,0,1,0,0
301.991637,1,206561.917963,0,0,0,0,1
301.99729,1,206562.747305,0,0,0,0,1
-80.496061,18,206568.875654,0,0,1,0,0
391.93954,1,206569.680161,0,0,0,0,1
391.881733,1,206571.773612,0,0,1,0,0
391.800054,1,206572.819937,0,0,0,0,1
-158.703719,43,206974.255731,0,0,1,0,0
-85.444173,27,206988.769406,0,0,1,0,0
-169.362118,2,206990.088647,0,0,1,0,0
391.931002,1,206991.019029,0,0,0,0,1
-311.347522,13,206998.172024,0,0,1,0,0
301.863408,1,206999.108315,0,0,0,0,1
-148.612009,31,207046.146252,0,0,1,0,0
4.044892,19,207070.611284,0,0,1,0,0
-82.127004,19,207075.448213,0,0,1,0,0
391.99729,1,207076.280816,0,0,0,0,1
301.93954,1,207077.147411,0,0,0,0,1
-138.020792,6,207180.25065,0,0,1,0,0
51.382429,28,207204.768404,0,0,1,0,0
301.920203,1,207207.019173,0,0,0,0,1
603.817346,10,207215.523538,0,0,0,0,1
-64.982262,16,207221.316725,0,0,1,0,0
-237.088938,4,207365.169348,0,0,1,0,0
-96.116646,7,207368.345072,0,0,1,0,0
301.852829,1,207369.520283,0,0,1,0,0
247.878488,19,207379.257053,0,0,1,0,0
-186.80757,14,207390.347217,0,0,1,0,0
-207.881244,3,208578.000038,1,0,0,0,0
-172.609859,26,208646.188231,0,0,1,0,0
-117.287164,30,208660.503528,1,0,0,0,0
391.82862,1,208661.776946,0,0,0,0,1
-295.12507,16,208667.905332,0,0,1,0,0
301.888918,1,208668.898717,0,0,1,0,0
-311.145916,7,208758.167645,0,0,1,0,0
217.079565,18,208765.990672,1,0,0,0,0
762.692898,32,208793.600644,0,0,1,0,0
-61.01226,1,208795.746921,0,0,1,0,0
301.931002,1,208796.603951,0,0,0,0,1
301.826743,1,208797.553078,0,0,0,0,1
-362.845345,35,208846.75825,0,0,1,0,0
301.82862,1,208847.742523,0,0,0,0,1
132.984634,21,208858.540935,0,0,1,0,0
28.001755,21,208870.771314,0,0,1,0,0
301.800053,1,208871.66554,0,0,0,0,1
-139.036248,6,208974.229152,0,0,1,0,0
301.938687,1,208976.523523,0,0,0,0,1
-4.430366,4,208980.781606,0,0,1,0,0
-188.362264,6,209071.814523,0,0,1,0,0
391.93954,1,209072.658283,0,0,0,0,1
-547.793572,12,209078.062325,0,0,1,0,0
-78.543335,14,209094.934284,0,0,1,0,0
301.90969,1,209097.216747,0,0,1,0,0
301.888918,1,209098.130507,0,0,1,0,0
-16.89967,8,209252.293632,0,0,1,0,0
301.931002,1,209253.302937,0,0,0,0,1
560.704863,20,209921.735263,0,0,1,0,0
301.800053,1,209922.878271,0,0,0,0,1
-96.618618,18,209931.795078,0,0,1,0,0
301.991637,1,209940.869445,0,0,0,0,1
391.93954,1,209941.796081,0,0,0,0,1
-114.422947,20,209951.714666,0,0,1,0,0
301.93954,1,209952.624009,0,0,0,0,1
391.931002,1,209953.513336,0,0,0,0,1
602.055606,10,209963.856576,0,0,1,0,0
301.947109,1,209965.392575,0,0,0,0,1
-97.291609,13,209969.144236,0,0,1,0,0
-175.746262,18,209977.173675,0,0,1,0,0
301.846563,1,209978.762306,0,0,1,0,0
119.740948,22,209992.198904,0,0,1,0,0
-341.489539,5,210067.261756,0,0,1,0,0
301.931002,1,210068.180815,0,0,0,0,1
391.931002,1,210069.064247,0,0,0,0,1
301.931002,1,210076.755708,0,0,0,0,1
-29.663657,27,210088.565732,0,0,1,0,0
-292.080902,20,210096.170014,0,0,1,0,0
391.800053,1,210097.0482,0,0,0,0,1
-63.831329,16,210116.723903,0,0,1,0,0
17.138162,4,210128.547624,0,0,1,0,0
165.879107,51,210237.693251,0,0,1,0,0
-229.0658,8,210243.365979,0,0,1,0,0
275.964202,13,210252.141124,0,0,1,0,0
-69.741162,1,210267.020496,0,0,1,0,0
301.82862,1,210267.997581,0,0,0,0,1
391.93954,1,210268.846034,0,0,0,0,1
-188.978686,5,210374.505463,1,0,0,0,0
301.778864,1,210375.472303,0,0,0,0,1
-118.065557,16,210379.773292,0,0,1,0,0
-94.462093,66,210401.678584,0,0,1,0,0
301.826743,1,210402.584695,0,0,0,0,1
469.008949,15,210888.42326,0,0,1,0,0
17.915423,2,210890.393734,0,0,1,0,0
301.99729,1,210891.254552,0,0,0,0,1
301.826743,1,210892.217157,0,0,0,0,1
690.310161,18,210914.921972,0,0,1,0,0
-153.389572,1,210916.011078,0,0,1,0,0
391.800052,1,210916.933158,0,0,0,0,1
-125.21363,47,210927.604329,0,0,1,0,0
-168.035014,1,210929.620716,1,0,0,0,0
-298.536045,37,212110.060538,0,0,1,0,0
11.673084,34,212125.776747,0,0,1,0,0
301.82862,1,212126.710574,0,0,0,0,1
391.778865,1,212127.772747,0,0,0,0,1
-112.641579,10,212132.433668,0,0,1,0,0
-113.591566,26,212141.976023,1,0,0,0,0
159.277914,46,212291.254211,0,0,1,0,0
102.056762,22,212318.922745,0,0,1,0,0
318.528815,23,213176.285602,0,0,1,0,0
391.852829,1,213177.898391,0,0,1,0,0
391.997289,1,213179.262366,0,0,0,0,1
-325.433073,30,213184.652365,0,0,1,0,0
301.778864,1,213185.631192,0,0,0,0,1
-33.384618,22,213204.254946,0,0,1,0,0
-35.181067,31,214509.052344,0,0,1,0,0
-28.570927,22,214522.962554,0,0,1,0,0
-341.418018,5,214597.451202,0,0,1,0,0
561.992626,18,214609.833277,0,0,1,0,0
301.82862,1,214610.767771,0,0,0,0,1
-62.770553,4,214620.835152,0,0,1,0,0
301.82862,1,214621.752603,0,0,0,0,1
-275.777637,5,214718.46797,1,0,0,0,0
301.991637,1,214727.636286,0,0,0,0,1
-161.411129,21,214787.387011,0,0,1,0,0
-188.953684,14,214796.924191,0,0,1,0,0
-99.29256,11,214806.329533,0,0,1,0,0
391.778864,1,214807.285401,0,0,0,0,1
301.93954,1,214808.217761,0,0,0,0,1
391.931002,1,214809.234748,0,0,0,0,1
-284.142822,8,215079.402457,0,0,1,0,0
296.280881,24,216900.620347,0,0,1,0,0
391.800053,1,216901.551928,0,0,0,0,1
447.323046,23,216913.670976,0,0,0,0,1
301.881733,1,216923.447131,0,0,1,0,0
-436.695831,9,216941.919597,0,0,1,0,0
317.894264,30,216962.881766,0,0,1,0,0
301.82862,1,216963.819726,0,0,0,0,1
-98.160039,16,216970.051345,0,0,1,0,0
-178.558229,6,216972.165076,0,0,1,0,0
294.129458,1,216973.944334,0,0,1,0,0
301.968284,1,216975.006769,0,0,0,0,1
-226.125217,9,216977.121257,0,0,1,0,0
301.920203,1,216979.340484,0,0,0,0,1
133.384931,23,216995.161365,0,0,1,0,0
-241.758096,10,216999.746463,0,0,1,0,0
-310.697002,13,217006.858287,0,0,1,0,0
301.826743,1,217007.828958,0,0,0,0,1
-103.741091,6,217010.530402,0,0,1,0,0
391.997289,1,217011.641722,0,0,0,0,1
301.859287,1,217012.403502,1,0,0,0,0
301.80893,1,217013.356641,0,0,0,0,1
391.881733,1,217022.665104,0,0,1,0,0
-279.786158,32,217196.911848,0,0,1,0,0
301.826743,1,217198.028712,0,0,0,0,1
391.90969,1,217200.33327,0,0,1,0,0
301.778864,1,217201.293309,0,0,0,0,1
-676.336889,17,217207.587528,0,0,1,0,0
301.931002,1,217208.412869,0,0,0,0,1
391.863408,1,217209.643325,0,0,0,0,1
294.129458,1,217211.442317,0,0,1,0,0
-148.469251,21,217215.712097,0,0,1,0,0
114.464836,19,217229.570055,0,0,1,0,0
301.859287,1,217230.340841,1,0,0,0,0
-109.567788,7,217411.789135,0,0,1,0,0
301.859287,1,217412.791837,1,0,0,0,0
391.800053,1,217413.702708,0,0,0,0,1
391.82862,1,217414.678681,0,0,0,0,1
-74.593444,17,217422.120253,0,0,1,0,0
381.881733,1,217424.415209,0,0,1,0,0
301.968284,1,217425.429943,0,0,0,0,1
-342.064264,5,217499.59069,0,0,1,0,0
301.826743,1,217500.532336,0,0,0,0,1
1040.170861,18,217515.573071,0,0,0,0,1
301.93954,1,217516.387132,0,0,0,0,1
391.773494,1,217519.171628,0,0,1,0,0
301.826743,1,217520.092329,0,0,0,0,1
301.93954,1,217520.92889,0,0,0,0,1
301.931002,1,217521.773265,0,0,0,0,1
391.99729,1,217522.63165,0,0,0,0,1
-174.892516,22,217530.149815,1,0,0,0,0
301.99729,1,217531.033742,0,0,0,0,1
-283.471095,26,217537.946271,1,0,0,0,0
-229.302642,12,217553.791301,0,0,1,0,0
391.863407,1,217554.844421,0,0,0,0,1
-83.891064,39,217598.851232,0,0,1,0,0
-148.358653,29,217608.518113,0,0,1,0,0
301.938687,1,217610.655787,0,0,0,0,1
301.826743,1,217611.635174,0,0,0,0,1
301.93954,1,217612.466503,0,0,0,0,1
301.881733,1,217614.728899,0,0,1,0,0
301.800053,1,217615.565127,0,0,0,0,1
-72.394597,22,217663.989768,1,0,0,0,0
391.931002,1,217664.965473,0,0,0,0,1
301.99729,1,217665.842446,0,0,0,0,1
391.931002,1,217666.687829,0,0,0,0,1
301.947109,1,217668.257409,0,0,0,0,1
-167.999267,1,217670.577273,1,0,0,0,0
-353.708931,43,217712.873381,0,0,1,0,0
-93.418728,16,217719.659977,0,0,1,0,0
154.611045,40,217749.208668,0,0,1,0,0
301.968284,1,217750.246594,0,0,0,0,1
301.859287,1,217751.04333,1,0,0,0,0
106.008774,39,221174.709053,0,0,1,0,0
-255.297197,28,221200.090438,0,0,1,0,0
301.931002,1,221200.946493,0,0,0,0,1
-222.846413,8,221204.392822,0,0,1,0,0
391.99729,1,221205.323025,0,0,0,0,1
-216.808079,11,221208.049879,0,0,1,0,0
-259.507785,5,221296.119887,0,0,1,0,0
301.826743,1,221297.10071,0,0,0,0,1
381.881734,1,221299.401805,0,0,1,0,0
301.859287,1,221300.130541,1,0,0,0,0
301.979143,1,221301.83286,0,0,0,0,1
-133.526162,32,221322.790811,0,0,1,0,0
-316.768133,16,221332.881626,0,0,1,0,0
-202.495128,15,221338.908427,1,0,0,0,0
391.846564,1,221340.409126,0,0,1,0,0
337.531562,32,221381.170769,0,0,1,0,0
-152.842932,4,221392.741547,0,0,1,0,0
391.93954,1,221393.619987,0,0,0,0,1
-230.053909,8,221396.42378,0,0,1,0,0
391.931002,1,221397.30201,0,0,0,0,1
-652.155687,36,221413.758865,1,0,0,0,0
276.054453,31,221456.020221,1,0,0,0,0
391.931002,1,221456.89782,0,0,0,0,1
51.352641,15,221513.774691,1,0,0,0,0
391.828619,1,221515.086009,0,0,0,0,1
-241.399986,4,221519.082805,0,0,1,0,0
-228.744615,18,221526.577304,0,0,1,0,0
301.852829,1,221527.803991,0,0,1,0,0
-105.054659,7,221801.737315,0,0,1,0,0
-230.638181,13,221811.382576,0,0,1,0,0
-94.558641,4,221815.494622,0,0,1,0,0
301.968284,1,221816.496911,0,0,0,0,1
35.467311,31,221910.069634,0,0,1,0,0
391.778863,1,221911.26588,0,0,0,0,1
-260.978538,5,255488.983613,0,0,1,0,0
301.977188,1,255490.54844,0,0,0,0,1
-169.355937,2,255491.852373,0,0,1,0,0
301.99729,1,255492.744145,0,0,0,0,1
-87.605947,28,255507.182387,0,0,1,0,0
-91.673752,24,255550.6771,0,0,1,0,0
-130.881431,11,255558.150172,0,0,1,0,0
391.931001,1,255559.027379,0,0,0,0,1
-316.452027,32,255624.270947,0,0,1,0,0
301.826743,1,255625.282939,0,0,0,0,1
-436.695831,9,255642.265643,0,0,1,0,0
301.82862,1,255643.095232,0,0,0,0,1
294.129458,1,255644.803107,0,0,1,0,0
467.331486,13,255660.254468,0,0,1,0,0
-821.579766,52,255703.860237,0,0,1,0,0
374.129458,1,255705.590963,0,0,1,0,0
301.82862,1,255706.512937,0,0,0,0,1
391.826743,1,255707.736962,0,0,0,0,1
391.93954,1,255708.57556,0,0,0,0,1
-235.634834,9,255711.714161,0,0,1,0,0
-295.41835,50,255834.689662,0,0,1,0,0
768.423512,19,255848.754917,0,0,1,0,0
301.826743,1,255849.628511,0,0,0,0,1
301.778864,1,255850.527236,0,0,0,0,1
301.99729,1,255851.332114,0,0,0,0,1
-222.123015,10,255853.863182,0,0,1,0,0
391.931002,1,255854.781424,0,0,0,0,1
391.778865,1,255856.115336,0,0,0,0,1
301.931002,1,255857.040224,0,0,0,0,1
301.931002,1,255857.896448,0,0,0,0,1
391.778864,1,255858.836715,0,0,0,0,1
-105.743295,7,255929.662434,0,0,1,0,0
301.975851,1,255931.272292,0,0,0,0,1
301.826743,1,255932.466632,0,0,0,0,1
391.997289,1,255933.959081,0,0,0,0,1
301.863408,1,255934.933022,0,0,0,0,1
-204.773914,3,255937.904371,0,0,1,0,0
391.828621,1,255938.857247,0,0,0,0,1
-125.734863,23,255950.87336,1,0,0,0,0
-159.738533,1,255960.366521,0,0,1,0,0
146.836569,24,255974.191934,1,0,0,0,0
391.800053,1,255975.04995,0,0,0,0,1
301.881733,1,255977.198663,0,0,1,0,0
-224.023152,8,255980.436823,0,0,1,0,0
-218.201389,6,256079.934934,0,0,1,0,0
391.800053,1,256080.832827,0,0,0,0,1
391.997289,1,256081.913449,0,0,0,0,1
301.881733,1,256084.352398,0,0,1,0,0
301.881733,1,256086.59297,0,0,1,0,0
301.826743,1,256087.506653,0,0,0,0,1
301.846563,1,256088.902871,0,0,1,0,0
301.991637,1,256091.082345,0,0,0,0,1
301.99729,1,256091.860033,0,0,0,0,1
391.826743,1,256092.768711,0,0,0,0,1
-476.105842,39,256120.185277,0,0,1,0,0
-317.361439,43,256197.626152,1,0,0,0,0
301.859287,1,256198.367239,1,0,0,0,0
384.129458,1,256200.054173,0,0,1,0,0
67.507357,45,256229.546272,0,0,1,0,0
-37.645877,23,256235.683589,0,0,1,0,0
-567.938103,13,256238.95684,0,0,1,0,0
-187.462951,37,256407.198411,0,0,1,0,0
391.778865,1,256408.148432,0,0,0,0,1
-212.562912,10,256410.642524,0,0,1,0,0
-259.680208,5,256488.048194,0,0,1,0,0
391.800053,1,256489.140235,0,0,0,0,1
-28.625998,24,256495.457612,0,0,1,0,0
-233.929997,59,257179.571593,1,0,0,0,0
452.82258,10,257663.285327,0,0,1,0,0
391.99729,1,257671.728117,0,0,0,0,1
-93.458559,12,257681.275432,0,0,1,0,0
-169.60093,2,257682.641276,0,0,1,0,0
-462.707278,43,257703.479671,0,0,1,0,0
381.881733,1,257706.188539,0,0,1,0,0
-275.53743,5,257802.33571,1,0,0,0,0
-156.071736,1,257811.273314,0,0,1,0,0
861.044552,18,257824.401507,0,0,0,0,1
-69.739559,1,257827.409379,0,0,1,0,0
-222.846413,8,257830.66835,0,0,1,0,0
374.129458,1,257832.8203,0,0,1,0,0
301.826743,1,257833.726653,0,0,0,0,1
-436.695831,9,257852.253819,0,0,1,0,0
-202.495128,15,257863.770393,1,0,0,0,0
-181.717281,42,257874.682905,0,0,1,0,0
245.361293,44,257901.501937,0,0,1,0,0
-228.348102,10,257910.120769,0,0,1,0,0
2.441534,15,257924.575021,0,0,1,0,0
-116.458012,56,258003.750904,0,0,1,0,0
301.778864,1,258004.726395,0,0,0,0,1
349.229883,44,258025.792804,0,0,1,0,0
-219.466408,40,258044.171806,0,0,1,0,0
-12.723804,8,258215.806782,0,0,1,0,0
366.609224,26,261432.534791,0,0,0,0,1
-98.615728,24,261444.103142,0,0,1,0,0
-237.017488,9,261450.046557,0,0,1,0,0
-221.017775,10,261460.127347,0,0,1,0,0
-237.696317,12,261469.481581,0,0,1,0,0
391.82862,1,261470.448491,0,0,0,0,1
-113.336698,9,261477.366913,0,0,1,0,0
301.881733,1,261479.765359,0,0,1,0,0
-105.309707,8,261486.067433,0,0,1,0,0
391.968283,1,261487.139125,0,0,0,0,1
301.881733,1,261489.55081,0,0,1,0,0
-229.709055,7,261492.547257,0,0,1,0,0
-151.011808,1,261494.668412,0,0,1,0,0
301.947109,1,261496.232045,0,0,0,0,1
-226.208152,9,261498.61594,0,0,1,0,0
301.826743,1,261499.517068,0,0,0,0,1
-93.555829,12,261508.897666,0,0,1,0,0
-72.156796,2,261510.492083,0,0,1,0,0
-251.8584,20,261516.668188,0,0,1,0,0
391.800053,1,261517.835406,0,0,0,0,1
-113.017149,36,261532.83268,0,0,1,0,0
301.82862,1,261533.709496,0,0,0,0,1
-159.738533,1,261536.832658,0,0,1,0,0
301.93954,1,261544.800972,0,0,0,0,1
391.778865,1,261545.863224,0,0,0,0,1
-260.410577,5,294752.580147,0,0,1,0,0
301.778864,1,294753.604921,0,0,0,0,1
-110.92204,6,295018.375529,0,0,1,0,0
104.128938,13,295355.47012,0,0,1,0,0
301.931002,1,295356.603466,0,0,0,0,1
-162.110256,2,295357.695758,1,0,0,0,0
301.881733,1,295366.764393,0,0,1,0,0
301.931002,1,295367.618847,0,0,0,0,1
-169.473712,2,295369.034513,0,0,1,0,0
384.129458,1,295371.379864,0,0,1,0,0
-232.725085,33,295386.559061,1,0,0,0,0
301.99729,1,295387.396338,0,0,0,0,1
